scenario,parameter,multiplier,candidate,baseline,metric,paired_sample_count,paired_difference_mean,paired_difference_std,paired_difference_ci95,ci95_low,ci95_high
normal,available_energy_j,0.75,predictive,greedy,timely_value_retention,1,0.009574371978171278,0.0,0.0,0.009574371978171278,0.009574371978171278
normal,available_energy_j,0.75,predictive,rule,timely_value_retention,1,-0.016767636033277092,0.0,0.0,-0.016767636033277092,-0.016767636033277092
normal,available_energy_j,0.75,predictive,edf,timely_value_retention,1,-0.007771460970113095,0.0,0.0,-0.007771460970113095,-0.007771460970113095
normal,available_energy_j,0.75,predictive,contact_knapsack,timely_value_retention,1,-0.012210443031281978,0.0,0.0,-0.012210443031281978,-0.012210443031281978
normal,available_energy_j,1.0,predictive,greedy,timely_value_retention,1,0.009574371978171278,0.0,0.0,0.009574371978171278,0.009574371978171278
normal,available_energy_j,1.0,predictive,rule,timely_value_retention,1,-0.016767636033277092,0.0,0.0,-0.016767636033277092,-0.016767636033277092
normal,available_energy_j,1.0,predictive,edf,timely_value_retention,1,-0.007771460970113095,0.0,0.0,-0.007771460970113095,-0.007771460970113095
normal,available_energy_j,1.0,predictive,contact_knapsack,timely_value_retention,1,-0.012210443031281978,0.0,0.0,-0.012210443031281978,-0.012210443031281978
normal,available_energy_j,1.25,predictive,greedy,timely_value_retention,1,0.009574371978171278,0.0,0.0,0.009574371978171278,0.009574371978171278
normal,available_energy_j,1.25,predictive,rule,timely_value_retention,1,-0.016767636033277092,0.0,0.0,-0.016767636033277092,-0.016767636033277092
normal,available_energy_j,1.25,predictive,edf,timely_value_retention,1,-0.007771460970113095,0.0,0.0,-0.007771460970113095,-0.007771460970113095
normal,available_energy_j,1.25,predictive,contact_knapsack,timely_value_retention,1,-0.012210443031281978,0.0,0.0,-0.012210443031281978,-0.012210443031281978
normal,contact_bandwidth,0.75,predictive,greedy,timely_value_retention,1,0.008080764187053238,0.0,0.0,0.008080764187053238,0.008080764187053238
normal,contact_bandwidth,0.75,predictive,rule,timely_value_retention,1,-0.011277581024744132,0.0,0.0,-0.011277581024744132,-0.011277581024744132
normal,contact_bandwidth,0.75,predictive,edf,timely_value_retention,1,-0.0006960737980279685,0.0,0.0,-0.0006960737980279685,-0.0006960737980279685
normal,contact_bandwidth,0.75,predictive,contact_knapsack,timely_value_retention,1,-0.008457255426497709,0.0,0.0,-0.008457255426497709,-0.008457255426497709
normal,contact_bandwidth,1.0,predictive,greedy,timely_value_retention,1,0.009574371978171278,0.0,0.0,0.009574371978171278,0.009574371978171278
normal,contact_bandwidth,1.0,predictive,rule,timely_value_retention,1,-0.016767636033277092,0.0,0.0,-0.016767636033277092,-0.016767636033277092
normal,contact_bandwidth,1.0,predictive,edf,timely_value_retention,1,-0.007771460970113095,0.0,0.0,-0.007771460970113095,-0.007771460970113095
normal,contact_bandwidth,1.0,predictive,contact_knapsack,timely_value_retention,1,-0.012210443031281978,0.0,0.0,-0.012210443031281978,-0.012210443031281978
normal,contact_bandwidth,1.25,predictive,greedy,timely_value_retention,1,-0.005212027795566163,0.0,0.0,-0.005212027795566163,-0.005212027795566163
normal,contact_bandwidth,1.25,predictive,rule,timely_value_retention,1,-0.028325706189556224,0.0,0.0,-0.028325706189556224,-0.028325706189556224
normal,contact_bandwidth,1.25,predictive,edf,timely_value_retention,1,-0.010868674094998684,0.0,0.0,-0.010868674094998684,-0.010868674094998684
normal,contact_bandwidth,1.25,predictive,contact_knapsack,timely_value_retention,1,-0.03083442796114748,0.0,0.0,-0.03083442796114748,-0.03083442796114748
normal,contact_window_duration,0.75,predictive,greedy,timely_value_retention,1,0.0036427769889327277,0.0,0.0,0.0036427769889327277,0.0036427769889327277
normal,contact_window_duration,0.75,predictive,rule,timely_value_retention,1,-0.012819572159991549,0.0,0.0,-0.012819572159991549,-0.012819572159991549
normal,contact_window_duration,0.75,predictive,edf,timely_value_retention,1,-0.00802485045163387,0.0,0.0,-0.00802485045163387,-0.00802485045163387
normal,contact_window_duration,0.75,predictive,contact_knapsack,timely_value_retention,1,-0.014134032646104758,0.0,0.0,-0.014134032646104758,-0.014134032646104758
normal,contact_window_duration,1.0,predictive,greedy,timely_value_retention,1,0.009574371978171278,0.0,0.0,0.009574371978171278,0.009574371978171278
normal,contact_window_duration,1.0,predictive,rule,timely_value_retention,1,-0.016767636033277092,0.0,0.0,-0.016767636033277092,-0.016767636033277092
normal,contact_window_duration,1.0,predictive,edf,timely_value_retention,1,-0.007771460970113095,0.0,0.0,-0.007771460970113095,-0.007771460970113095
normal,contact_window_duration,1.0,predictive,contact_knapsack,timely_value_retention,1,-0.012210443031281978,0.0,0.0,-0.012210443031281978,-0.012210443031281978
normal,contact_window_duration,1.25,predictive,greedy,timely_value_retention,1,2.641521310518813e-05,0.0,0.0,2.641521310518813e-05,2.641521310518813e-05
normal,contact_window_duration,1.25,predictive,rule,timely_value_retention,1,-0.038016826283541194,0.0,0.0,-0.038016826283541194,-0.038016826283541194
normal,contact_window_duration,1.25,predictive,edf,timely_value_retention,1,-0.012685428480555844,0.0,0.0,-0.012685428480555844,-0.012685428480555844
normal,contact_window_duration,1.25,predictive,contact_knapsack,timely_value_retention,1,-0.03007446054296617,0.0,0.0,-0.03007446054296617,-0.03007446054296617
normal,interarrival_s,0.75,predictive,greedy,timely_value_retention,1,0.011404082054340722,0.0,0.0,0.011404082054340722,0.011404082054340722
normal,interarrival_s,0.75,predictive,rule,timely_value_retention,1,-0.03166447764935325,0.0,0.0,-0.03166447764935325,-0.03166447764935325
normal,interarrival_s,0.75,predictive,edf,timely_value_retention,1,-2.7949105143143527e-05,0.0,0.0,-2.7949105143143527e-05,-2.7949105143143527e-05
normal,interarrival_s,0.75,predictive,contact_knapsack,timely_value_retention,1,-0.02093734160527902,0.0,0.0,-0.02093734160527902,-0.02093734160527902
normal,interarrival_s,1.0,predictive,greedy,timely_value_retention,1,0.009574371978171278,0.0,0.0,0.009574371978171278,0.009574371978171278
normal,interarrival_s,1.0,predictive,rule,timely_value_retention,1,-0.016767636033277092,0.0,0.0,-0.016767636033277092,-0.016767636033277092
normal,interarrival_s,1.0,predictive,edf,timely_value_retention,1,-0.007771460970113095,0.0,0.0,-0.007771460970113095,-0.007771460970113095
normal,interarrival_s,1.0,predictive,contact_knapsack,timely_value_retention,1,-0.012210443031281978,0.0,0.0,-0.012210443031281978,-0.012210443031281978
normal,interarrival_s,1.25,predictive,greedy,timely_value_retention,1,0.00428174142596352,0.0,0.0,0.00428174142596352,0.00428174142596352
normal,interarrival_s,1.25,predictive,rule,timely_value_retention,1,-0.038247441067163684,0.0,0.0,-0.038247441067163684,-0.038247441067163684
normal,interarrival_s,1.25,predictive,edf,timely_value_retention,1,-0.035670993795111766,0.0,0.0,-0.035670993795111766,-0.035670993795111766
normal,interarrival_s,1.25,predictive,contact_knapsack,timely_value_retention,1,-0.04536693622866034,0.0,0.0,-0.04536693622866034,-0.04536693622866034
normal,deadline_s,0.75,predictive,greedy,timely_value_retention,1,0.008486663225934055,0.0,0.0,0.008486663225934055,0.008486663225934055
normal,deadline_s,0.75,predictive,rule,timely_value_retention,1,-0.011423009598830858,0.0,0.0,-0.011423009598830858,-0.011423009598830858
normal,deadline_s,0.75,predictive,edf,timely_value_retention,1,-0.0016747424108106423,0.0,0.0,-0.0016747424108106423,-0.0016747424108106423
normal,deadline_s,0.75,predictive,contact_knapsack,timely_value_retention,1,-0.004166457656702968,0.0,0.0,-0.004166457656702968,-0.004166457656702968
normal,deadline_s,1.0,predictive,greedy,timely_value_retention,1,0.009574371978171278,0.0,0.0,0.009574371978171278,0.009574371978171278
normal,deadline_s,1.0,predictive,rule,timely_value_retention,1,-0.016767636033277092,0.0,0.0,-0.016767636033277092,-0.016767636033277092
normal,deadline_s,1.0,predictive,edf,timely_value_retention,1,-0.007771460970113095,0.0,0.0,-0.007771460970113095,-0.007771460970113095
normal,deadline_s,1.0,predictive,contact_knapsack,timely_value_retention,1,-0.012210443031281978,0.0,0.0,-0.012210443031281978,-0.012210443031281978
normal,deadline_s,1.25,predictive,greedy,timely_value_retention,1,0.00521536276121666,0.0,0.0,0.00521536276121666,0.00521536276121666
normal,deadline_s,1.25,predictive,rule,timely_value_retention,1,-0.0358662292346542,0.0,0.0,-0.0358662292346542,-0.0358662292346542
normal,deadline_s,1.25,predictive,edf,timely_value_retention,1,-0.009006259347038942,0.0,0.0,-0.009006259347038942,-0.009006259347038942
normal,deadline_s,1.25,predictive,contact_knapsack,timely_value_retention,1,-0.01605542835823115,0.0,0.0,-0.01605542835823115,-0.01605542835823115
normal,storage_mb,0.75,predictive,greedy,timely_value_retention,1,0.009574371978171278,0.0,0.0,0.009574371978171278,0.009574371978171278
normal,storage_mb,0.75,predictive,rule,timely_value_retention,1,-0.016767636033277092,0.0,0.0,-0.016767636033277092,-0.016767636033277092
normal,storage_mb,0.75,predictive,edf,timely_value_retention,1,-0.007771460970113095,0.0,0.0,-0.007771460970113095,-0.007771460970113095
normal,storage_mb,0.75,predictive,contact_knapsack,timely_value_retention,1,-0.012210443031281978,0.0,0.0,-0.012210443031281978,-0.012210443031281978
normal,storage_mb,1.0,predictive,greedy,timely_value_retention,1,0.009574371978171278,0.0,0.0,0.009574371978171278,0.009574371978171278
normal,storage_mb,1.0,predictive,rule,timely_value_retention,1,-0.016767636033277092,0.0,0.0,-0.016767636033277092,-0.016767636033277092
normal,storage_mb,1.0,predictive,edf,timely_value_retention,1,-0.007771460970113095,0.0,0.0,-0.007771460970113095,-0.007771460970113095
normal,storage_mb,1.0,predictive,contact_knapsack,timely_value_retention,1,-0.012210443031281978,0.0,0.0,-0.012210443031281978,-0.012210443031281978
normal,storage_mb,1.25,predictive,greedy,timely_value_retention,1,0.009574371978171278,0.0,0.0,0.009574371978171278,0.009574371978171278
normal,storage_mb,1.25,predictive,rule,timely_value_retention,1,-0.016767636033277092,0.0,0.0,-0.016767636033277092,-0.016767636033277092
normal,storage_mb,1.25,predictive,edf,timely_value_retention,1,-0.007771460970113095,0.0,0.0,-0.007771460970113095,-0.007771460970113095
normal,storage_mb,1.25,predictive,contact_knapsack,timely_value_retention,1,-0.012210443031281978,0.0,0.0,-0.012210443031281978,-0.012210443031281978
low_energy,available_energy_j,0.75,predictive,greedy,timely_value_retention,1,0.0006139610724935983,0.0,0.0,0.0006139610724935983,0.0006139610724935983
low_energy,available_energy_j,0.75,predictive,rule,timely_value_retention,1,0.0006139610724935983,0.0,0.0,0.0006139610724935983,0.0006139610724935983
low_energy,available_energy_j,0.75,predictive,edf,timely_value_retention,1,0.0006139610724935983,0.0,0.0,0.0006139610724935983,0.0006139610724935983
low_energy,available_energy_j,0.75,predictive,contact_knapsack,timely_value_retention,1,0.0006139610724935983,0.0,0.0,0.0006139610724935983,0.0006139610724935983
low_energy,available_energy_j,1.0,predictive,greedy,timely_value_retention,1,0.0008231619247687041,0.0,0.0,0.0008231619247687041,0.0008231619247687041
low_energy,available_energy_j,1.0,predictive,rule,timely_value_retention,1,0.0008586517922915244,0.0,0.0,0.0008586517922915244,0.0008586517922915244
low_energy,available_energy_j,1.0,predictive,edf,timely_value_retention,1,0.0008586517922915244,0.0,0.0,0.0008586517922915244,0.0008586517922915244
low_energy,available_energy_j,1.0,predictive,contact_knapsack,timely_value_retention,1,0.0008586517922915244,0.0,0.0,0.0008586517922915244,0.0008586517922915244
low_energy,available_energy_j,1.25,predictive,greedy,timely_value_retention,1,0.00502510504218526,0.0,0.0,0.00502510504218526,0.00502510504218526
low_energy,available_energy_j,1.25,predictive,rule,timely_value_retention,1,0.0050605949097080796,0.0,0.0,0.0050605949097080796,0.0050605949097080796
low_energy,available_energy_j,1.25,predictive,edf,timely_value_retention,1,0.0050605949097080796,0.0,0.0,0.0050605949097080796,0.0050605949097080796
low_energy,available_energy_j,1.25,predictive,contact_knapsack,timely_value_retention,1,0.0050605949097080796,0.0,0.0,0.0050605949097080796,0.0050605949097080796
low_energy,contact_bandwidth,0.75,predictive,greedy,timely_value_retention,1,0.0009301540453389241,0.0,0.0,0.0009301540453389241,0.0009301540453389241
low_energy,contact_bandwidth,0.75,predictive,rule,timely_value_retention,1,0.0009301540453389241,0.0,0.0,0.0009301540453389241,0.0009301540453389241
low_energy,contact_bandwidth,0.75,predictive,edf,timely_value_retention,1,0.0009301540453389241,0.0,0.0,0.0009301540453389241,0.0009301540453389241
low_energy,contact_bandwidth,0.75,predictive,contact_knapsack,timely_value_retention,1,0.0009301540453389241,0.0,0.0,0.0009301540453389241,0.0009301540453389241
low_energy,contact_bandwidth,1.0,predictive,greedy,timely_value_retention,1,0.0008231619247687041,0.0,0.0,0.0008231619247687041,0.0008231619247687041
low_energy,contact_bandwidth,1.0,predictive,rule,timely_value_retention,1,0.0008586517922915244,0.0,0.0,0.0008586517922915244,0.0008586517922915244
low_energy,contact_bandwidth,1.0,predictive,edf,timely_value_retention,1,0.0008586517922915244,0.0,0.0,0.0008586517922915244,0.0008586517922915244
low_energy,contact_bandwidth,1.0,predictive,contact_knapsack,timely_value_retention,1,0.0008586517922915244,0.0,0.0,0.0008586517922915244,0.0008586517922915244
low_energy,contact_bandwidth,1.25,predictive,greedy,timely_value_retention,1,0.008292877315619932,0.0,0.0,0.008292877315619932,0.008292877315619932
low_energy,contact_bandwidth,1.25,predictive,rule,timely_value_retention,1,0.008258295054374285,0.0,0.0,0.008258295054374285,0.008258295054374285
low_energy,contact_bandwidth,1.25,predictive,edf,timely_value_retention,1,0.008258295054374285,0.0,0.0,0.008258295054374285,0.008258295054374285
low_energy,contact_bandwidth,1.25,predictive,contact_knapsack,timely_value_retention,1,0.008258295054374285,0.0,0.0,0.008258295054374285,0.008258295054374285
low_energy,contact_window_duration,0.75,predictive,greedy,timely_value_retention,1,0.0008231619247687041,0.0,0.0,0.0008231619247687041,0.0008231619247687041
low_energy,contact_window_duration,0.75,predictive,rule,timely_value_retention,1,0.0008586517922915244,0.0,0.0,0.0008586517922915244,0.0008586517922915244
low_energy,contact_window_duration,0.75,predictive,edf,timely_value_retention,1,0.0008586517922915244,0.0,0.0,0.0008586517922915244,0.0008586517922915244
low_energy,contact_window_duration,0.75,predictive,contact_knapsack,timely_value_retention,1,0.0008586517922915244,0.0,0.0,0.0008586517922915244,0.0008586517922915244
low_energy,contact_window_duration,1.0,predictive,greedy,timely_value_retention,1,0.0008231619247687041,0.0,0.0,0.0008231619247687041,0.0008231619247687041
low_energy,contact_window_duration,1.0,predictive,rule,timely_value_retention,1,0.0008586517922915244,0.0,0.0,0.0008586517922915244,0.0008586517922915244
low_energy,contact_window_duration,1.0,predictive,edf,timely_value_retention,1,0.0008586517922915244,0.0,0.0,0.0008586517922915244,0.0008586517922915244
low_energy,contact_window_duration,1.0,predictive,contact_knapsack,timely_value_retention,1,0.0008586517922915244,0.0,0.0,0.0008586517922915244,0.0008586517922915244
low_energy,contact_window_duration,1.25,predictive,greedy,timely_value_retention,1,0.0008231619247687041,0.0,0.0,0.0008231619247687041,0.0008231619247687041
low_energy,contact_window_duration,1.25,predictive,rule,timely_value_retention,1,0.0008586517922915244,0.0,0.0,0.0008586517922915244,0.0008586517922915244
low_energy,contact_window_duration,1.25,predictive,edf,timely_value_retention,1,0.0008586517922915244,0.0,0.0,0.0008586517922915244,0.0008586517922915244
low_energy,contact_window_duration,1.25,predictive,contact_knapsack,timely_value_retention,1,0.0008586517922915244,0.0,0.0,0.0008586517922915244,0.0008586517922915244
low_energy,interarrival_s,0.75,predictive,greedy,timely_value_retention,1,0.005192092484443213,0.0,0.0,0.005192092484443213,0.005192092484443213
low_energy,interarrival_s,0.75,predictive,rule,timely_value_retention,1,0.005192092484443213,0.0,0.0,0.005192092484443213,0.005192092484443213
low_energy,interarrival_s,0.75,predictive,edf,timely_value_retention,1,0.005192092484443213,0.0,0.0,0.005192092484443213,0.005192092484443213
low_energy,interarrival_s,0.75,predictive,contact_knapsack,timely_value_retention,1,0.005192092484443213,0.0,0.0,0.005192092484443213,0.005192092484443213
low_energy,interarrival_s,1.0,predictive,greedy,timely_value_retention,1,0.0008231619247687041,0.0,0.0,0.0008231619247687041,0.0008231619247687041
low_energy,interarrival_s,1.0,predictive,rule,timely_value_retention,1,0.0008586517922915244,0.0,0.0,0.0008586517922915244,0.0008586517922915244
low_energy,interarrival_s,1.0,predictive,edf,timely_value_retention,1,0.0008586517922915244,0.0,0.0,0.0008586517922915244,0.0008586517922915244
low_energy,interarrival_s,1.0,predictive,contact_knapsack,timely_value_retention,1,0.0008586517922915244,0.0,0.0,0.0008586517922915244,0.0008586517922915244
low_energy,interarrival_s,1.25,predictive,greedy,timely_value_retention,1,0.0033047756847995745,0.0,0.0,0.0033047756847995745,0.0033047756847995745
low_energy,interarrival_s,1.25,predictive,rule,timely_value_retention,1,0.0009467813232928442,0.0,0.0,0.0009467813232928442,0.0009467813232928442
low_energy,interarrival_s,1.25,predictive,edf,timely_value_retention,1,0.0033047756847995745,0.0,0.0,0.0033047756847995745,0.0033047756847995745
low_energy,interarrival_s,1.25,predictive,contact_knapsack,timely_value_retention,1,0.0033047756847995745,0.0,0.0,0.0033047756847995745,0.0033047756847995745
low_energy,deadline_s,0.75,predictive,greedy,timely_value_retention,1,0.0002730390562530522,0.0,0.0,0.0002730390562530522,0.0002730390562530522
low_energy,deadline_s,0.75,predictive,rule,timely_value_retention,1,0.0002730390562530522,0.0,0.0,0.0002730390562530522,0.0002730390562530522
low_energy,deadline_s,0.75,predictive,edf,timely_value_retention,1,0.0002730390562530522,0.0,0.0,0.0002730390562530522,0.0002730390562530522
low_energy,deadline_s,0.75,predictive,contact_knapsack,timely_value_retention,1,0.0002730390562530522,0.0,0.0,0.0002730390562530522,0.0002730390562530522
low_energy,deadline_s,1.0,predictive,greedy,timely_value_retention,1,0.0008231619247687041,0.0,0.0,0.0008231619247687041,0.0008231619247687041
low_energy,deadline_s,1.0,predictive,rule,timely_value_retention,1,0.0008586517922915244,0.0,0.0,0.0008586517922915244,0.0008586517922915244
low_energy,deadline_s,1.0,predictive,edf,timely_value_retention,1,0.0008586517922915244,0.0,0.0,0.0008586517922915244,0.0008586517922915244
low_energy,deadline_s,1.0,predictive,contact_knapsack,timely_value_retention,1,0.0008586517922915244,0.0,0.0,0.0008586517922915244,0.0008586517922915244
low_energy,deadline_s,1.25,predictive,greedy,timely_value_retention,1,0.0012522619003926384,0.0,0.0,0.0012522619003926384,0.0012522619003926384
low_energy,deadline_s,1.25,predictive,rule,timely_value_retention,1,0.0012588316492130375,0.0,0.0,0.0012588316492130375,0.0012588316492130375
low_energy,deadline_s,1.25,predictive,edf,timely_value_retention,1,0.0012588316492130375,0.0,0.0,0.0012588316492130375,0.0012588316492130375
low_energy,deadline_s,1.25,predictive,contact_knapsack,timely_value_retention,1,0.0012588316492130375,0.0,0.0,0.0012588316492130375,0.0012588316492130375
low_energy,storage_mb,0.75,predictive,greedy,timely_value_retention,1,0.0008231619247687041,0.0,0.0,0.0008231619247687041,0.0008231619247687041
low_energy,storage_mb,0.75,predictive,rule,timely_value_retention,1,0.0008586517922915244,0.0,0.0,0.0008586517922915244,0.0008586517922915244
low_energy,storage_mb,0.75,predictive,edf,timely_value_retention,1,0.0008586517922915244,0.0,0.0,0.0008586517922915244,0.0008586517922915244
low_energy,storage_mb,0.75,predictive,contact_knapsack,timely_value_retention,1,0.0008586517922915244,0.0,0.0,0.0008586517922915244,0.0008586517922915244
low_energy,storage_mb,1.0,predictive,greedy,timely_value_retention,1,0.0008231619247687041,0.0,0.0,0.0008231619247687041,0.0008231619247687041
low_energy,storage_mb,1.0,predictive,rule,timely_value_retention,1,0.0008586517922915244,0.0,0.0,0.0008586517922915244,0.0008586517922915244
low_energy,storage_mb,1.0,predictive,edf,timely_value_retention,1,0.0008586517922915244,0.0,0.0,0.0008586517922915244,0.0008586517922915244
low_energy,storage_mb,1.0,predictive,contact_knapsack,timely_value_retention,1,0.0008586517922915244,0.0,0.0,0.0008586517922915244,0.0008586517922915244
low_energy,storage_mb,1.25,predictive,greedy,timely_value_retention,1,0.0008231619247687041,0.0,0.0,0.0008231619247687041,0.0008231619247687041
low_energy,storage_mb,1.25,predictive,rule,timely_value_retention,1,0.0008586517922915244,0.0,0.0,0.0008586517922915244,0.0008586517922915244
low_energy,storage_mb,1.25,predictive,edf,timely_value_retention,1,0.0008586517922915244,0.0,0.0,0.0008586517922915244,0.0008586517922915244
low_energy,storage_mb,1.25,predictive,contact_knapsack,timely_value_retention,1,0.0008586517922915244,0.0,0.0,0.0008586517922915244,0.0008586517922915244
poor_link,available_energy_j,0.75,predictive,greedy,timely_value_retention,1,-6.996951363460622e-05,0.0,0.0,-6.996951363460622e-05,-6.996951363460622e-05
poor_link,available_energy_j,0.75,predictive,rule,timely_value_retention,1,-7.486668147688516e-05,0.0,0.0,-7.486668147688516e-05,-7.486668147688516e-05
poor_link,available_energy_j,0.75,predictive,edf,timely_value_retention,1,-0.00014004164240307305,0.0,0.0,-0.00014004164240307305,-0.00014004164240307305
poor_link,available_energy_j,0.75,predictive,contact_knapsack,timely_value_retention,1,-0.00014004164240307305,0.0,0.0,-0.00014004164240307305,-0.00014004164240307305
poor_link,available_energy_j,1.0,predictive,greedy,timely_value_retention,1,-6.996951363460622e-05,0.0,0.0,-6.996951363460622e-05,-6.996951363460622e-05
poor_link,available_energy_j,1.0,predictive,rule,timely_value_retention,1,-7.486668147688516e-05,0.0,0.0,-7.486668147688516e-05,-7.486668147688516e-05
poor_link,available_energy_j,1.0,predictive,edf,timely_value_retention,1,-0.00014004164240307305,0.0,0.0,-0.00014004164240307305,-0.00014004164240307305
poor_link,available_energy_j,1.0,predictive,contact_knapsack,timely_value_retention,1,-0.00014004164240307305,0.0,0.0,-0.00014004164240307305,-0.00014004164240307305
poor_link,available_energy_j,1.25,predictive,greedy,timely_value_retention,1,-6.996951363460622e-05,0.0,0.0,-6.996951363460622e-05,-6.996951363460622e-05
poor_link,available_energy_j,1.25,predictive,rule,timely_value_retention,1,-7.486668147688516e-05,0.0,0.0,-7.486668147688516e-05,-7.486668147688516e-05
poor_link,available_energy_j,1.25,predictive,edf,timely_value_retention,1,-0.00014004164240307305,0.0,0.0,-0.00014004164240307305,-0.00014004164240307305
poor_link,available_energy_j,1.25,predictive,contact_knapsack,timely_value_retention,1,-0.00014004164240307305,0.0,0.0,-0.00014004164240307305,-0.00014004164240307305
poor_link,contact_bandwidth,0.75,predictive,greedy,timely_value_retention,1,-6.996951363460622e-05,0.0,0.0,-6.996951363460622e-05,-6.996951363460622e-05
poor_link,contact_bandwidth,0.75,predictive,rule,timely_value_retention,1,-7.486668147688516e-05,0.0,0.0,-7.486668147688516e-05,-7.486668147688516e-05
poor_link,contact_bandwidth,0.75,predictive,edf,timely_value_retention,1,-0.00014004164240307305,0.0,0.0,-0.00014004164240307305,-0.00014004164240307305
poor_link,contact_bandwidth,0.75,predictive,contact_knapsack,timely_value_retention,1,-0.00014004164240307305,0.0,0.0,-0.00014004164240307305,-0.00014004164240307305
poor_link,contact_bandwidth,1.0,predictive,greedy,timely_value_retention,1,-6.996951363460622e-05,0.0,0.0,-6.996951363460622e-05,-6.996951363460622e-05
poor_link,contact_bandwidth,1.0,predictive,rule,timely_value_retention,1,-7.486668147688516e-05,0.0,0.0,-7.486668147688516e-05,-7.486668147688516e-05
poor_link,contact_bandwidth,1.0,predictive,edf,timely_value_retention,1,-0.00014004164240307305,0.0,0.0,-0.00014004164240307305,-0.00014004164240307305
poor_link,contact_bandwidth,1.0,predictive,contact_knapsack,timely_value_retention,1,-0.00014004164240307305,0.0,0.0,-0.00014004164240307305,-0.00014004164240307305
poor_link,contact_bandwidth,1.25,predictive,greedy,timely_value_retention,1,-6.996951363460622e-05,0.0,0.0,-6.996951363460622e-05,-6.996951363460622e-05
poor_link,contact_bandwidth,1.25,predictive,rule,timely_value_retention,1,-7.486668147688516e-05,0.0,0.0,-7.486668147688516e-05,-7.486668147688516e-05
poor_link,contact_bandwidth,1.25,predictive,edf,timely_value_retention,1,-0.00014004164240307305,0.0,0.0,-0.00014004164240307305,-0.00014004164240307305
poor_link,contact_bandwidth,1.25,predictive,contact_knapsack,timely_value_retention,1,-0.00014004164240307305,0.0,0.0,-0.00014004164240307305,-0.00014004164240307305
poor_link,contact_window_duration,0.75,predictive,greedy,timely_value_retention,1,-6.996951363460535e-05,0.0,0.0,-6.996951363460535e-05,-6.996951363460535e-05
poor_link,contact_window_duration,0.75,predictive,rule,timely_value_retention,1,-0.00014004164240307305,0.0,0.0,-0.00014004164240307305,-0.00014004164240307305
poor_link,contact_window_duration,0.75,predictive,edf,timely_value_retention,1,-0.00014004164240307305,0.0,0.0,-0.00014004164240307305,-0.00014004164240307305
poor_link,contact_window_duration,0.75,predictive,contact_knapsack,timely_value_retention,1,-0.00014004164240307305,0.0,0.0,-0.00014004164240307305,-0.00014004164240307305
poor_link,contact_window_duration,1.0,predictive,greedy,timely_value_retention,1,-6.996951363460622e-05,0.0,0.0,-6.996951363460622e-05,-6.996951363460622e-05
poor_link,contact_window_duration,1.0,predictive,rule,timely_value_retention,1,-7.486668147688516e-05,0.0,0.0,-7.486668147688516e-05,-7.486668147688516e-05
poor_link,contact_window_duration,1.0,predictive,edf,timely_value_retention,1,-0.00014004164240307305,0.0,0.0,-0.00014004164240307305,-0.00014004164240307305
poor_link,contact_window_duration,1.0,predictive,contact_knapsack,timely_value_retention,1,-0.00014004164240307305,0.0,0.0,-0.00014004164240307305,-0.00014004164240307305
poor_link,contact_window_duration,1.25,predictive,greedy,timely_value_retention,1,-6.996951363460535e-05,0.0,0.0,-6.996951363460535e-05,-6.996951363460535e-05
poor_link,contact_window_duration,1.25,predictive,rule,timely_value_retention,1,3.370055454232331e-05,0.0,0.0,3.370055454232331e-05,3.370055454232331e-05
poor_link,contact_window_duration,1.25,predictive,edf,timely_value_retention,1,-0.00014004164240307305,0.0,0.0,-0.00014004164240307305,-0.00014004164240307305
poor_link,contact_window_duration,1.25,predictive,contact_knapsack,timely_value_retention,1,-0.00014004164240307305,0.0,0.0,-0.00014004164240307305,-0.00014004164240307305
poor_link,interarrival_s,0.75,predictive,greedy,timely_value_retention,1,-0.0001635595234869302,0.0,0.0,-0.0001635595234869302,-0.0001635595234869302
poor_link,interarrival_s,0.75,predictive,rule,timely_value_retention,1,0.0003288888391316646,0.0,0.0,0.0003288888391316646,0.0003288888391316646
poor_link,interarrival_s,0.75,predictive,edf,timely_value_retention,1,0.0007111272223377491,0.0,0.0,0.0007111272223377491,0.0007111272223377491
poor_link,interarrival_s,0.75,predictive,contact_knapsack,timely_value_retention,1,-8.338884154158836e-05,0.0,0.0,-8.338884154158836e-05,-8.338884154158836e-05
poor_link,interarrival_s,1.0,predictive,greedy,timely_value_retention,1,-6.996951363460622e-05,0.0,0.0,-6.996951363460622e-05,-6.996951363460622e-05
poor_link,interarrival_s,1.0,predictive,rule,timely_value_retention,1,-7.486668147688516e-05,0.0,0.0,-7.486668147688516e-05,-7.486668147688516e-05
poor_link,interarrival_s,1.0,predictive,edf,timely_value_retention,1,-0.00014004164240307305,0.0,0.0,-0.00014004164240307305,-0.00014004164240307305
poor_link,interarrival_s,1.0,predictive,contact_knapsack,timely_value_retention,1,-0.00014004164240307305,0.0,0.0,-0.00014004164240307305,-0.00014004164240307305
poor_link,interarrival_s,1.25,predictive,greedy,timely_value_retention,1,-0.0001387434988155366,0.0,0.0,-0.0001387434988155366,-0.0001387434988155366
poor_link,interarrival_s,1.25,predictive,rule,timely_value_retention,1,-0.0001387434988155366,0.0,0.0,-0.0001387434988155366,-0.0001387434988155366
poor_link,interarrival_s,1.25,predictive,edf,timely_value_retention,1,-0.0001387434988155366,0.0,0.0,-0.0001387434988155366,-0.0001387434988155366
poor_link,interarrival_s,1.25,predictive,contact_knapsack,timely_value_retention,1,-0.0001387434988155366,0.0,0.0,-0.0001387434988155366,-0.0001387434988155366
poor_link,deadline_s,0.75,predictive,greedy,timely_value_retention,1,0.0,0.0,0.0,0.0,0.0
poor_link,deadline_s,0.75,predictive,rule,timely_value_retention,1,-4.0054314873364666e-05,0.0,0.0,-4.0054314873364666e-05,-4.0054314873364666e-05
poor_link,deadline_s,0.75,predictive,edf,timely_value_retention,1,-0.00010522927579955255,0.0,0.0,-0.00010522927579955255,-0.00010522927579955255
poor_link,deadline_s,0.75,predictive,contact_knapsack,timely_value_retention,1,-0.00010522927579955255,0.0,0.0,-0.00010522927579955255,-0.00010522927579955255
poor_link,deadline_s,1.0,predictive,greedy,timely_value_retention,1,-6.996951363460622e-05,0.0,0.0,-6.996951363460622e-05,-6.996951363460622e-05
poor_link,deadline_s,1.0,predictive,rule,timely_value_retention,1,-7.486668147688516e-05,0.0,0.0,-7.486668147688516e-05,-7.486668147688516e-05
poor_link,deadline_s,1.0,predictive,edf,timely_value_retention,1,-0.00014004164240307305,0.0,0.0,-0.00014004164240307305,-0.00014004164240307305
poor_link,deadline_s,1.0,predictive,contact_knapsack,timely_value_retention,1,-0.00014004164240307305,0.0,0.0,-0.00014004164240307305,-0.00014004164240307305
poor_link,deadline_s,1.25,predictive,greedy,timely_value_retention,1,0.0,0.0,0.0,0.0,0.0
poor_link,deadline_s,1.25,predictive,rule,timely_value_retention,1,6.517496092618832e-05,0.0,0.0,6.517496092618832e-05,6.517496092618832e-05
poor_link,deadline_s,1.25,predictive,edf,timely_value_retention,1,-0.0001069921205702198,0.0,0.0,-0.0001069921205702198,-0.0001069921205702198
poor_link,deadline_s,1.25,predictive,contact_knapsack,timely_value_retention,1,-0.0001069921205702198,0.0,0.0,-0.0001069921205702198,-0.0001069921205702198
poor_link,storage_mb,0.75,predictive,greedy,timely_value_retention,1,-6.996951363460622e-05,0.0,0.0,-6.996951363460622e-05,-6.996951363460622e-05
poor_link,storage_mb,0.75,predictive,rule,timely_value_retention,1,-7.486668147688516e-05,0.0,0.0,-7.486668147688516e-05,-7.486668147688516e-05
poor_link,storage_mb,0.75,predictive,edf,timely_value_retention,1,-0.00014004164240307305,0.0,0.0,-0.00014004164240307305,-0.00014004164240307305
poor_link,storage_mb,0.75,predictive,contact_knapsack,timely_value_retention,1,-0.00014004164240307305,0.0,0.0,-0.00014004164240307305,-0.00014004164240307305
poor_link,storage_mb,1.0,predictive,greedy,timely_value_retention,1,-6.996951363460622e-05,0.0,0.0,-6.996951363460622e-05,-6.996951363460622e-05
poor_link,storage_mb,1.0,predictive,rule,timely_value_retention,1,-7.486668147688516e-05,0.0,0.0,-7.486668147688516e-05,-7.486668147688516e-05
poor_link,storage_mb,1.0,predictive,edf,timely_value_retention,1,-0.00014004164240307305,0.0,0.0,-0.00014004164240307305,-0.00014004164240307305
poor_link,storage_mb,1.0,predictive,contact_knapsack,timely_value_retention,1,-0.00014004164240307305,0.0,0.0,-0.00014004164240307305,-0.00014004164240307305
poor_link,storage_mb,1.25,predictive,greedy,timely_value_retention,1,-6.996951363460622e-05,0.0,0.0,-6.996951363460622e-05,-6.996951363460622e-05
poor_link,storage_mb,1.25,predictive,rule,timely_value_retention,1,-7.486668147688516e-05,0.0,0.0,-7.486668147688516e-05,-7.486668147688516e-05
poor_link,storage_mb,1.25,predictive,edf,timely_value_retention,1,-0.00014004164240307305,0.0,0.0,-0.00014004164240307305,-0.00014004164240307305
poor_link,storage_mb,1.25,predictive,contact_knapsack,timely_value_retention,1,-0.00014004164240307305,0.0,0.0,-0.00014004164240307305,-0.00014004164240307305
task_burst,available_energy_j,0.75,predictive,greedy,timely_value_retention,1,0.013074179293378611,0.0,0.0,0.013074179293378611,0.013074179293378611
task_burst,available_energy_j,0.75,predictive,rule,timely_value_retention,1,-0.0009295071606938987,0.0,0.0,-0.0009295071606938987,-0.0009295071606938987
task_burst,available_energy_j,0.75,predictive,edf,timely_value_retention,1,0.00255169337216413,0.0,0.0,0.00255169337216413,0.00255169337216413
task_burst,available_energy_j,0.75,predictive,contact_knapsack,timely_value_retention,1,0.0009451028838009801,0.0,0.0,0.0009451028838009801,0.0009451028838009801
task_burst,available_energy_j,1.0,predictive,greedy,timely_value_retention,1,0.013074179293378611,0.0,0.0,0.013074179293378611,0.013074179293378611
task_burst,available_energy_j,1.0,predictive,rule,timely_value_retention,1,-0.0009295071606938987,0.0,0.0,-0.0009295071606938987,-0.0009295071606938987
task_burst,available_energy_j,1.0,predictive,edf,timely_value_retention,1,0.00255169337216413,0.0,0.0,0.00255169337216413,0.00255169337216413
task_burst,available_energy_j,1.0,predictive,contact_knapsack,timely_value_retention,1,0.0009451028838009801,0.0,0.0,0.0009451028838009801,0.0009451028838009801
task_burst,available_energy_j,1.25,predictive,greedy,timely_value_retention,1,0.012924167357226943,0.0,0.0,0.012924167357226943,0.012924167357226943
task_burst,available_energy_j,1.25,predictive,rule,timely_value_retention,1,-0.0010795190968455673,0.0,0.0,-0.0010795190968455673,-0.0010795190968455673
task_burst,available_energy_j,1.25,predictive,edf,timely_value_retention,1,0.0024016814360124615,0.0,0.0,0.0024016814360124615,0.0024016814360124615
task_burst,available_energy_j,1.25,predictive,contact_knapsack,timely_value_retention,1,0.0007950909476493115,0.0,0.0,0.0007950909476493115,0.0007950909476493115
task_burst,contact_bandwidth,0.75,predictive,greedy,timely_value_retention,1,0.010289491389026996,0.0,0.0,0.010289491389026996,0.010289491389026996
task_burst,contact_bandwidth,0.75,predictive,rule,timely_value_retention,1,0.0021685644455988265,0.0,0.0,0.0021685644455988265,0.0021685644455988265
task_burst,contact_bandwidth,0.75,predictive,edf,timely_value_retention,1,0.0027691673899877187,0.0,0.0,0.0027691673899877187,0.0027691673899877187
task_burst,contact_bandwidth,0.75,predictive,contact_knapsack,timely_value_retention,1,0.0019176858924814418,0.0,0.0,0.0019176858924814418,0.0019176858924814418
task_burst,contact_bandwidth,1.0,predictive,greedy,timely_value_retention,1,0.013074179293378611,0.0,0.0,0.013074179293378611,0.013074179293378611
task_burst,contact_bandwidth,1.0,predictive,rule,timely_value_retention,1,-0.0009295071606938987,0.0,0.0,-0.0009295071606938987,-0.0009295071606938987
task_burst,contact_bandwidth,1.0,predictive,edf,timely_value_retention,1,0.00255169337216413,0.0,0.0,0.00255169337216413,0.00255169337216413
task_burst,contact_bandwidth,1.0,predictive,contact_knapsack,timely_value_retention,1,0.0009451028838009801,0.0,0.0,0.0009451028838009801,0.0009451028838009801
task_burst,contact_bandwidth,1.25,predictive,greedy,timely_value_retention,1,0.01072060821866485,0.0,0.0,0.01072060821866485,0.01072060821866485
task_burst,contact_bandwidth,1.25,predictive,rule,timely_value_retention,1,-0.004650040313662812,0.0,0.0,-0.004650040313662812,-0.004650040313662812
task_burst,contact_bandwidth,1.25,predictive,edf,timely_value_retention,1,0.0006496666048382005,0.0,0.0,0.0006496666048382005,0.0006496666048382005
task_burst,contact_bandwidth,1.25,predictive,contact_knapsack,timely_value_retention,1,-0.001886032182603855,0.0,0.0,-0.001886032182603855,-0.001886032182603855
task_burst,contact_window_duration,0.75,predictive,greedy,timely_value_retention,1,0.009397879184466613,0.0,0.0,0.009397879184466613,0.009397879184466613
task_burst,contact_window_duration,0.75,predictive,rule,timely_value_retention,1,0.0007347014473930435,0.0,0.0,0.0007347014473930435,0.0007347014473930435
task_burst,contact_window_duration,0.75,predictive,edf,timely_value_retention,1,0.0020580032243105277,0.0,0.0,0.0020580032243105277,0.0020580032243105277
task_burst,contact_window_duration,0.75,predictive,contact_knapsack,timely_value_retention,1,-0.00027152105642343216,0.0,0.0,-0.00027152105642343216,-0.00027152105642343216
task_burst,contact_window_duration,1.0,predictive,greedy,timely_value_retention,1,0.013074179293378611,0.0,0.0,0.013074179293378611,0.013074179293378611
task_burst,contact_window_duration,1.0,predictive,rule,timely_value_retention,1,-0.0009295071606938987,0.0,0.0,-0.0009295071606938987,-0.0009295071606938987
task_burst,contact_window_duration,1.0,predictive,edf,timely_value_retention,1,0.00255169337216413,0.0,0.0,0.00255169337216413,0.00255169337216413
task_burst,contact_window_duration,1.0,predictive,contact_knapsack,timely_value_retention,1,0.0009451028838009801,0.0,0.0,0.0009451028838009801,0.0009451028838009801
task_burst,contact_window_duration,1.25,predictive,greedy,timely_value_retention,1,0.015098263271582486,0.0,0.0,0.015098263271582486,0.015098263271582486
task_burst,contact_window_duration,1.25,predictive,rule,timely_value_retention,1,-0.0016229987465178272,0.0,0.0,-0.0016229987465178272,-0.0016229987465178272
task_burst,contact_window_duration,1.25,predictive,edf,timely_value_retention,1,0.0025362340249214382,0.0,0.0,0.0025362340249214382,0.0025362340249214382
task_burst,contact_window_duration,1.25,predictive,contact_knapsack,timely_value_retention,1,-0.0009822246842090439,0.0,0.0,-0.0009822246842090439,-0.0009822246842090439
task_burst,interarrival_s,0.75,predictive,greedy,timely_value_retention,1,0.010152566790054357,0.0,0.0,0.010152566790054357,0.010152566790054357
task_burst,interarrival_s,0.75,predictive,rule,timely_value_retention,1,0.0016565580547824865,0.0,0.0,0.0016565580547824865,0.0016565580547824865
task_burst,interarrival_s,0.75,predictive,edf,timely_value_retention,1,0.003630524356139926,0.0,0.0,0.003630524356139926,0.003630524356139926
task_burst,interarrival_s,0.75,predictive,contact_knapsack,timely_value_retention,1,0.002774203587291739,0.0,0.0,0.002774203587291739,0.002774203587291739
task_burst,interarrival_s,1.0,predictive,greedy,timely_value_retention,1,0.013074179293378611,0.0,0.0,0.013074179293378611,0.013074179293378611
task_burst,interarrival_s,1.0,predictive,rule,timely_value_retention,1,-0.0009295071606938987,0.0,0.0,-0.0009295071606938987,-0.0009295071606938987
task_burst,interarrival_s,1.0,predictive,edf,timely_value_retention,1,0.00255169337216413,0.0,0.0,0.00255169337216413,0.00255169337216413
task_burst,interarrival_s,1.0,predictive,contact_knapsack,timely_value_retention,1,0.0009451028838009801,0.0,0.0,0.0009451028838009801,0.0009451028838009801
task_burst,interarrival_s,1.25,predictive,greedy,timely_value_retention,1,0.01875450628989793,0.0,0.0,0.01875450628989793,0.01875450628989793
task_burst,interarrival_s,1.25,predictive,rule,timely_value_retention,1,0.0018368804837305963,0.0,0.0,0.0018368804837305963,0.0018368804837305963
task_burst,interarrival_s,1.25,predictive,edf,timely_value_retention,1,0.008410304050557704,0.0,0.0,0.008410304050557704,0.008410304050557704
task_burst,interarrival_s,1.25,predictive,contact_knapsack,timely_value_retention,1,0.00451023946707178,0.0,0.0,0.00451023946707178,0.00451023946707178
task_burst,deadline_s,0.75,predictive,greedy,timely_value_retention,1,0.01054826390245058,0.0,0.0,0.01054826390245058,0.01054826390245058
task_burst,deadline_s,0.75,predictive,rule,timely_value_retention,1,-0.0018019315702694216,0.0,0.0,-0.0018019315702694216,-0.0018019315702694216
task_burst,deadline_s,0.75,predictive,edf,timely_value_retention,1,0.001617421799571469,0.0,0.0,0.001617421799571469,0.001617421799571469
task_burst,deadline_s,0.75,predictive,contact_knapsack,timely_value_retention,1,-0.0015509611234071734,0.0,0.0,-0.0015509611234071734,-0.0015509611234071734
task_burst,deadline_s,1.0,predictive,greedy,timely_value_retention,1,0.013074179293378611,0.0,0.0,0.013074179293378611,0.013074179293378611
task_burst,deadline_s,1.0,predictive,rule,timely_value_retention,1,-0.0009295071606938987,0.0,0.0,-0.0009295071606938987,-0.0009295071606938987
task_burst,deadline_s,1.0,predictive,edf,timely_value_retention,1,0.00255169337216413,0.0,0.0,0.00255169337216413,0.00255169337216413
task_burst,deadline_s,1.0,predictive,contact_knapsack,timely_value_retention,1,0.0009451028838009801,0.0,0.0,0.0009451028838009801,0.0009451028838009801
task_burst,deadline_s,1.25,predictive,greedy,timely_value_retention,1,0.01159961437490565,0.0,0.0,0.01159961437490565,0.01159961437490565
task_burst,deadline_s,1.25,predictive,rule,timely_value_retention,1,-0.0008099458777017059,0.0,0.0,-0.0008099458777017059,-0.0008099458777017059
task_burst,deadline_s,1.25,predictive,edf,timely_value_retention,1,0.002976276385540745,0.0,0.0,0.002976276385540745,0.002976276385540745
task_burst,deadline_s,1.25,predictive,contact_knapsack,timely_value_retention,1,0.0008425211690441976,0.0,0.0,0.0008425211690441976,0.0008425211690441976
task_burst,storage_mb,0.75,predictive,greedy,timely_value_retention,1,0.011676012363628491,0.0,0.0,0.011676012363628491,0.011676012363628491
task_burst,storage_mb,0.75,predictive,rule,timely_value_retention,1,-0.0026033505700981292,0.0,0.0,-0.0026033505700981292,-0.0026033505700981292
task_burst,storage_mb,0.75,predictive,edf,timely_value_retention,1,0.00037517641948234953,0.0,0.0,0.00037517641948234953,0.00037517641948234953
task_burst,storage_mb,0.75,predictive,contact_knapsack,timely_value_retention,1,-0.001805007538859968,0.0,0.0,-0.001805007538859968,-0.001805007538859968
task_burst,storage_mb,1.0,predictive,greedy,timely_value_retention,1,0.013074179293378611,0.0,0.0,0.013074179293378611,0.013074179293378611
task_burst,storage_mb,1.0,predictive,rule,timely_value_retention,1,-0.0009295071606938987,0.0,0.0,-0.0009295071606938987,-0.0009295071606938987
task_burst,storage_mb,1.0,predictive,edf,timely_value_retention,1,0.00255169337216413,0.0,0.0,0.00255169337216413,0.00255169337216413
task_burst,storage_mb,1.0,predictive,contact_knapsack,timely_value_retention,1,0.0009451028838009801,0.0,0.0,0.0009451028838009801,0.0009451028838009801
task_burst,storage_mb,1.25,predictive,greedy,timely_value_retention,1,0.013634344470758952,0.0,0.0,0.013634344470758952,0.013634344470758952
task_burst,storage_mb,1.25,predictive,rule,timely_value_retention,1,-0.0009684793411876037,0.0,0.0,-0.0009684793411876037,-0.0009684793411876037
task_burst,storage_mb,1.25,predictive,edf,timely_value_retention,1,0.0024677706136682527,0.0,0.0,0.0024677706136682527,0.0024677706136682527
task_burst,storage_mb,1.25,predictive,contact_knapsack,timely_value_retention,1,0.0009169816472238135,0.0,0.0,0.0009169816472238135,0.0009169816472238135
