scenario,parameter,multiplier,scheduler,sample_count,timely_value_retention_mean,timely_value_retention_std,timely_value_retention_ci95,task_completion_rate_mean,task_completion_rate_std,task_completion_rate_ci95,total_energy_consumed_j_mean,total_energy_consumed_j_std,total_energy_consumed_j_ci95
low_energy,available_energy_j,0.75,contact_knapsack,1,0.00031619297284532586,0.0,0.0,0.02040816326530612,0.0,0.0,34950.0,0.0,0.0
low_energy,available_energy_j,0.75,edf,1,0.00031619297284532586,0.0,0.0,0.02040816326530612,0.0,0.0,34950.0,0.0,0.0
low_energy,available_energy_j,0.75,greedy,1,0.00031619297284532586,0.0,0.0,0.02040816326530612,0.0,0.0,34950.0,0.0,0.0
low_energy,available_energy_j,0.75,predictive,1,0.0009301540453389241,0.0,0.0,0.05612244897959184,0.0,0.0,34950.0,0.0,0.0
low_energy,available_energy_j,0.75,random,1,0.00020920085227510576,0.0,0.0,0.015306122448979591,0.0,0.0,34950.0,0.0,0.0
low_energy,available_energy_j,0.75,rule,1,0.00031619297284532586,0.0,0.0,0.02040816326530612,0.0,0.0,34950.0,0.0,0.0
low_energy,available_energy_j,1.0,contact_knapsack,1,7.150225304739975e-05,0.0,0.0,0.00510204081632653,0.0,0.0,35400.00000000001,0.0,0.0
low_energy,available_energy_j,1.0,edf,1,7.150225304739975e-05,0.0,0.0,0.00510204081632653,0.0,0.0,35400.00000000001,0.0,0.0
low_energy,available_energy_j,1.0,greedy,1,0.00010699212057022008,0.0,0.0,0.00510204081632653,0.0,0.0,35400.0,0.0,0.0
low_energy,available_energy_j,1.0,predictive,1,0.0009301540453389241,0.0,0.0,0.05612244897959184,0.0,0.0,35400.0,0.0,0.0
low_energy,available_energy_j,1.0,random,1,0.00039372038016132675,0.0,0.0,0.025510204081632654,0.0,0.0,35400.0,0.0,0.0
low_energy,available_energy_j,1.0,rule,1,7.150225304739975e-05,0.0,0.0,0.00510204081632653,0.0,0.0,35400.0,0.0,0.0
low_energy,available_energy_j,1.25,contact_knapsack,1,7.150225304739975e-05,0.0,0.0,0.00510204081632653,0.0,0.0,35850.0,0.0,0.0
low_energy,available_energy_j,1.25,edf,1,7.150225304739975e-05,0.0,0.0,0.00510204081632653,0.0,0.0,35850.0,0.0,0.0
low_energy,available_energy_j,1.25,greedy,1,0.00010699212057022008,0.0,0.0,0.00510204081632653,0.0,0.0,35850.0,0.0,0.0
low_energy,available_energy_j,1.25,predictive,1,0.00513209716275548,0.0,0.0,0.05102040816326531,0.0,0.0,35850.0,0.0,0.0
low_energy,available_energy_j,1.25,random,1,0.0002166561308226391,0.0,0.0,0.015306122448979591,0.0,0.0,35850.0,0.0,0.0
low_energy,available_energy_j,1.25,rule,1,7.150225304739975e-05,0.0,0.0,0.00510204081632653,0.0,0.0,35850.0,0.0,0.0
low_energy,contact_bandwidth,0.75,contact_knapsack,1,0.0,0.0,0.0,0.0,0.0,0.0,35400.0,0.0,0.0
low_energy,contact_bandwidth,0.75,edf,1,0.0,0.0,0.0,0.0,0.0,0.0,35400.0,0.0,0.0
low_energy,contact_bandwidth,0.75,greedy,1,0.0,0.0,0.0,0.0,0.0,0.0,35400.0,0.0,0.0
low_energy,contact_bandwidth,0.75,predictive,1,0.0009301540453389241,0.0,0.0,0.05612244897959184,0.0,0.0,35399.999999999985,0.0,0.0
low_energy,contact_bandwidth,0.75,random,1,0.00017706424933868763,0.0,0.0,0.01020408163265306,0.0,0.0,35399.99999999999,0.0,0.0
low_energy,contact_bandwidth,0.75,rule,1,0.0,0.0,0.0,0.0,0.0,0.0,35400.0,0.0,0.0
low_energy,contact_bandwidth,1.0,contact_knapsack,1,7.150225304739975e-05,0.0,0.0,0.00510204081632653,0.0,0.0,35400.00000000001,0.0,0.0
low_energy,contact_bandwidth,1.0,edf,1,7.150225304739975e-05,0.0,0.0,0.00510204081632653,0.0,0.0,35400.00000000001,0.0,0.0
low_energy,contact_bandwidth,1.0,greedy,1,0.00010699212057022008,0.0,0.0,0.00510204081632653,0.0,0.0,35400.0,0.0,0.0
low_energy,contact_bandwidth,1.0,predictive,1,0.0009301540453389241,0.0,0.0,0.05612244897959184,0.0,0.0,35400.0,0.0,0.0
low_energy,contact_bandwidth,1.0,random,1,0.00039372038016132675,0.0,0.0,0.025510204081632654,0.0,0.0,35400.0,0.0,0.0
low_energy,contact_bandwidth,1.0,rule,1,7.150225304739975e-05,0.0,0.0,0.00510204081632653,0.0,0.0,35400.0,0.0,0.0
low_energy,contact_bandwidth,1.25,contact_knapsack,1,0.0001415743818158673,0.0,0.0,0.01020408163265306,0.0,0.0,35400.0,0.0,0.0
low_energy,contact_bandwidth,1.25,edf,1,0.0001415743818158673,0.0,0.0,0.01020408163265306,0.0,0.0,35400.0,0.0,0.0
low_energy,contact_bandwidth,1.25,greedy,1,0.00010699212057022008,0.0,0.0,0.00510204081632653,0.0,0.0,35400.0,0.0,0.0
low_energy,contact_bandwidth,1.25,predictive,1,0.008399869436190152,0.0,0.0,0.04081632653061224,0.0,0.0,35399.99999999999,0.0,0.0
low_energy,contact_bandwidth,1.25,random,1,0.0002446907197979261,0.0,0.0,0.015306122448979591,0.0,0.0,35400.0,0.0,0.0
low_energy,contact_bandwidth,1.25,rule,1,0.0001415743818158673,0.0,0.0,0.01020408163265306,0.0,0.0,35400.0,0.0,0.0
low_energy,contact_window_duration,0.75,contact_knapsack,1,7.150225304739975e-05,0.0,0.0,0.00510204081632653,0.0,0.0,35400.0,0.0,0.0
low_energy,contact_window_duration,0.75,edf,1,7.150225304739975e-05,0.0,0.0,0.00510204081632653,0.0,0.0,35400.0,0.0,0.0
low_energy,contact_window_duration,0.75,greedy,1,0.00010699212057022008,0.0,0.0,0.00510204081632653,0.0,0.0,35400.0,0.0,0.0
low_energy,contact_window_duration,0.75,predictive,1,0.0009301540453389241,0.0,0.0,0.05612244897959184,0.0,0.0,35400.0,0.0,0.0
low_energy,contact_window_duration,0.75,random,1,0.00039372038016132675,0.0,0.0,0.025510204081632654,0.0,0.0,35400.0,0.0,0.0
low_energy,contact_window_duration,0.75,rule,1,7.150225304739975e-05,0.0,0.0,0.00510204081632653,0.0,0.0,35400.0,0.0,0.0
low_energy,contact_window_duration,1.0,contact_knapsack,1,7.150225304739975e-05,0.0,0.0,0.00510204081632653,0.0,0.0,35400.00000000001,0.0,0.0
low_energy,contact_window_duration,1.0,edf,1,7.150225304739975e-05,0.0,0.0,0.00510204081632653,0.0,0.0,35400.00000000001,0.0,0.0
low_energy,contact_window_duration,1.0,greedy,1,0.00010699212057022008,0.0,0.0,0.00510204081632653,0.0,0.0,35400.0,0.0,0.0
low_energy,contact_window_duration,1.0,predictive,1,0.0009301540453389241,0.0,0.0,0.05612244897959184,0.0,0.0,35400.0,0.0,0.0
low_energy,contact_window_duration,1.0,random,1,0.00039372038016132675,0.0,0.0,0.025510204081632654,0.0,0.0,35400.0,0.0,0.0
low_energy,contact_window_duration,1.0,rule,1,7.150225304739975e-05,0.0,0.0,0.00510204081632653,0.0,0.0,35400.0,0.0,0.0
low_energy,contact_window_duration,1.25,contact_knapsack,1,7.150225304739975e-05,0.0,0.0,0.00510204081632653,0.0,0.0,35400.00000000001,0.0,0.0
low_energy,contact_window_duration,1.25,edf,1,7.150225304739975e-05,0.0,0.0,0.00510204081632653,0.0,0.0,35400.00000000001,0.0,0.0
low_energy,contact_window_duration,1.25,greedy,1,0.00010699212057022008,0.0,0.0,0.00510204081632653,0.0,0.0,35400.0,0.0,0.0
low_energy,contact_window_duration,1.25,predictive,1,0.0009301540453389241,0.0,0.0,0.05612244897959184,0.0,0.0,35399.99999999999,0.0,0.0
low_energy,contact_window_duration,1.25,random,1,0.00039372038016132675,0.0,0.0,0.025510204081632654,0.0,0.0,35400.0,0.0,0.0
low_energy,contact_window_duration,1.25,rule,1,7.150225304739975e-05,0.0,0.0,0.00510204081632653,0.0,0.0,35400.0,0.0,0.0
low_energy,deadline_s,0.75,contact_knapsack,1,0.003004857484552333,0.0,0.0,0.02040816326530612,0.0,0.0,33978.31464580086,0.0,0.0
low_energy,deadline_s,0.75,edf,1,0.003004857484552333,0.0,0.0,0.02040816326530612,0.0,0.0,33978.31464580086,0.0,0.0
low_energy,deadline_s,0.75,greedy,1,0.003004857484552333,0.0,0.0,0.02040816326530612,0.0,0.0,33978.31464580086,0.0,0.0
low_energy,deadline_s,0.75,predictive,1,0.003277896540805385,0.0,0.0,0.04591836734693878,0.0,0.0,33978.31464580086,0.0,0.0
low_energy,deadline_s,0.75,random,1,0.002846839275718097,0.0,0.0,0.02040816326530612,0.0,0.0,33978.314645800856,0.0,0.0
low_energy,deadline_s,0.75,rule,1,0.003004857484552333,0.0,0.0,0.02040816326530612,0.0,0.0,33978.31464580086,0.0,0.0
low_energy,deadline_s,1.0,contact_knapsack,1,7.150225304739975e-05,0.0,0.0,0.00510204081632653,0.0,0.0,35400.00000000001,0.0,0.0
low_energy,deadline_s,1.0,edf,1,7.150225304739975e-05,0.0,0.0,0.00510204081632653,0.0,0.0,35400.00000000001,0.0,0.0
low_energy,deadline_s,1.0,greedy,1,0.00010699212057022008,0.0,0.0,0.00510204081632653,0.0,0.0,35400.0,0.0,0.0
low_energy,deadline_s,1.0,predictive,1,0.0009301540453389241,0.0,0.0,0.05612244897959184,0.0,0.0,35400.0,0.0,0.0
low_energy,deadline_s,1.0,random,1,0.00039372038016132675,0.0,0.0,0.025510204081632654,0.0,0.0,35400.0,0.0,0.0
low_energy,deadline_s,1.0,rule,1,7.150225304739975e-05,0.0,0.0,0.00510204081632653,0.0,0.0,35400.0,0.0,0.0
low_energy,deadline_s,1.25,contact_knapsack,1,6.350237994806852e-05,0.0,0.0,0.00510204081632653,0.0,0.0,35399.99999999999,0.0,0.0
low_energy,deadline_s,1.25,edf,1,6.350237994806852e-05,0.0,0.0,0.00510204081632653,0.0,0.0,35399.99999999999,0.0,0.0
low_energy,deadline_s,1.25,greedy,1,7.007212876846756e-05,0.0,0.0,0.00510204081632653,0.0,0.0,35399.99999999999,0.0,0.0
low_energy,deadline_s,1.25,predictive,1,0.001322334029161106,0.0,0.0,0.08163265306122448,0.0,0.0,35399.99999999999,0.0,0.0
low_energy,deadline_s,1.25,random,1,0.00031619297284532586,0.0,0.0,0.02040816326530612,0.0,0.0,35399.99999999999,0.0,0.0
low_energy,deadline_s,1.25,rule,1,6.350237994806852e-05,0.0,0.0,0.00510204081632653,0.0,0.0,35399.99999999999,0.0,0.0
low_energy,interarrival_s,0.75,contact_knapsack,1,0.0,0.0,0.0,0.0,0.0,0.0,35400.00000000001,0.0,0.0
low_energy,interarrival_s,0.75,edf,1,0.0,0.0,0.0,0.0,0.0,0.0,35400.00000000001,0.0,0.0
low_energy,interarrival_s,0.75,greedy,1,0.0,0.0,0.0,0.0,0.0,0.0,35400.00000000001,0.0,0.0
low_energy,interarrival_s,0.75,predictive,1,0.005192092484443213,0.0,0.0,0.0648854961832061,0.0,0.0,35400.000000000015,0.0,0.0
low_energy,interarrival_s,0.75,random,1,0.0001365168150288139,0.0,0.0,0.007633587786259542,0.0,0.0,35400.0,0.0,0.0
low_energy,interarrival_s,0.75,rule,1,0.0,0.0,0.0,0.0,0.0,0.0,35400.00000000001,0.0,0.0
low_energy,interarrival_s,1.0,contact_knapsack,1,7.150225304739975e-05,0.0,0.0,0.00510204081632653,0.0,0.0,35400.00000000001,0.0,0.0
low_energy,interarrival_s,1.0,edf,1,7.150225304739975e-05,0.0,0.0,0.00510204081632653,0.0,0.0,35400.00000000001,0.0,0.0
low_energy,interarrival_s,1.0,greedy,1,0.00010699212057022008,0.0,0.0,0.00510204081632653,0.0,0.0,35400.0,0.0,0.0
low_energy,interarrival_s,1.0,predictive,1,0.0009301540453389241,0.0,0.0,0.05612244897959184,0.0,0.0,35400.0,0.0,0.0
low_energy,interarrival_s,1.0,random,1,0.00039372038016132675,0.0,0.0,0.025510204081632654,0.0,0.0,35400.0,0.0,0.0
low_energy,interarrival_s,1.0,rule,1,7.150225304739975e-05,0.0,0.0,0.00510204081632653,0.0,0.0,35400.0,0.0,0.0
low_energy,interarrival_s,1.25,contact_knapsack,1,0.0010772242919560257,0.0,0.0,0.06369426751592357,0.0,0.0,35400.00000000001,0.0,0.0
low_energy,interarrival_s,1.25,edf,1,0.0010772242919560257,0.0,0.0,0.06369426751592357,0.0,0.0,35400.00000000001,0.0,0.0
low_energy,interarrival_s,1.25,greedy,1,0.0010772242919560257,0.0,0.0,0.06369426751592357,0.0,0.0,35400.0,0.0,0.0
low_energy,interarrival_s,1.25,predictive,1,0.0043819999767556,0.0,0.0,0.05732484076433121,0.0,0.0,35400.000000000015,0.0,0.0
low_energy,interarrival_s,1.25,random,1,0.0010772242919560257,0.0,0.0,0.06369426751592357,0.0,0.0,35400.0,0.0,0.0
low_energy,interarrival_s,1.25,rule,1,0.003435218653462756,0.0,0.0,0.044585987261146494,0.0,0.0,35400.0,0.0,0.0
low_energy,storage_mb,0.75,contact_knapsack,1,7.150225304739975e-05,0.0,0.0,0.00510204081632653,0.0,0.0,35400.00000000001,0.0,0.0
low_energy,storage_mb,0.75,edf,1,7.150225304739975e-05,0.0,0.0,0.00510204081632653,0.0,0.0,35400.00000000001,0.0,0.0
low_energy,storage_mb,0.75,greedy,1,0.00010699212057022008,0.0,0.0,0.00510204081632653,0.0,0.0,35400.0,0.0,0.0
low_energy,storage_mb,0.75,predictive,1,0.0009301540453389241,0.0,0.0,0.05612244897959184,0.0,0.0,35400.0,0.0,0.0
low_energy,storage_mb,0.75,random,1,0.00039372038016132675,0.0,0.0,0.025510204081632654,0.0,0.0,35400.0,0.0,0.0
low_energy,storage_mb,0.75,rule,1,7.150225304739975e-05,0.0,0.0,0.00510204081632653,0.0,0.0,35400.0,0.0,0.0
low_energy,storage_mb,1.0,contact_knapsack,1,7.150225304739975e-05,0.0,0.0,0.00510204081632653,0.0,0.0,35400.00000000001,0.0,0.0
low_energy,storage_mb,1.0,edf,1,7.150225304739975e-05,0.0,0.0,0.00510204081632653,0.0,0.0,35400.00000000001,0.0,0.0
low_energy,storage_mb,1.0,greedy,1,0.00010699212057022008,0.0,0.0,0.00510204081632653,0.0,0.0,35400.0,0.0,0.0
low_energy,storage_mb,1.0,predictive,1,0.0009301540453389241,0.0,0.0,0.05612244897959184,0.0,0.0,35400.0,0.0,0.0
low_energy,storage_mb,1.0,random,1,0.00039372038016132675,0.0,0.0,0.025510204081632654,0.0,0.0,35400.0,0.0,0.0
low_energy,storage_mb,1.0,rule,1,7.150225304739975e-05,0.0,0.0,0.00510204081632653,0.0,0.0,35400.0,0.0,0.0
low_energy,storage_mb,1.25,contact_knapsack,1,7.150225304739975e-05,0.0,0.0,0.00510204081632653,0.0,0.0,35400.00000000001,0.0,0.0
low_energy,storage_mb,1.25,edf,1,7.150225304739975e-05,0.0,0.0,0.00510204081632653,0.0,0.0,35400.00000000001,0.0,0.0
low_energy,storage_mb,1.25,greedy,1,0.00010699212057022008,0.0,0.0,0.00510204081632653,0.0,0.0,35400.0,0.0,0.0
low_energy,storage_mb,1.25,predictive,1,0.0009301540453389241,0.0,0.0,0.05612244897959184,0.0,0.0,35400.0,0.0,0.0
low_energy,storage_mb,1.25,random,1,0.00039372038016132675,0.0,0.0,0.025510204081632654,0.0,0.0,35400.0,0.0,0.0
low_energy,storage_mb,1.25,rule,1,7.150225304739975e-05,0.0,0.0,0.00510204081632653,0.0,0.0,35400.0,0.0,0.0
normal,available_energy_j,0.75,contact_knapsack,1,0.11296250991104759,0.0,0.0,0.20408163265306123,0.0,0.0,98827.26745073604,0.0,0.0
normal,available_energy_j,0.75,edf,1,0.1085235278498787,0.0,0.0,0.1989795918367347,0.0,0.0,98300.55610839392,0.0,0.0
normal,available_energy_j,0.75,greedy,1,0.09117769490159433,0.0,0.0,0.1836734693877551,0.0,0.0,97101.82638830256,0.0,0.0
normal,available_energy_j,0.75,predictive,1,0.10075206687976561,0.0,0.0,0.2193877551020408,0.0,0.0,90201.76131794653,0.0,0.0
normal,available_energy_j,0.75,random,1,0.07704949329863599,0.0,0.0,0.1377551020408163,0.0,0.0,88260.91014426436,0.0,0.0
normal,available_energy_j,0.75,rule,1,0.1175197029130427,0.0,0.0,0.23469387755102042,0.0,0.0,98655.48744474402,0.0,0.0
normal,available_energy_j,1.0,contact_knapsack,1,0.11296250991104759,0.0,0.0,0.20408163265306123,0.0,0.0,98827.26745073604,0.0,0.0
normal,available_energy_j,1.0,edf,1,0.1085235278498787,0.0,0.0,0.1989795918367347,0.0,0.0,98300.55610839392,0.0,0.0
normal,available_energy_j,1.0,greedy,1,0.09117769490159433,0.0,0.0,0.1836734693877551,0.0,0.0,97101.82638830256,0.0,0.0
normal,available_energy_j,1.0,predictive,1,0.10075206687976561,0.0,0.0,0.2193877551020408,0.0,0.0,90201.76131794653,0.0,0.0
normal,available_energy_j,1.0,random,1,0.07704949329863599,0.0,0.0,0.1377551020408163,0.0,0.0,88260.91014426436,0.0,0.0
normal,available_energy_j,1.0,rule,1,0.1175197029130427,0.0,0.0,0.23469387755102042,0.0,0.0,98655.48744474402,0.0,0.0
normal,available_energy_j,1.25,contact_knapsack,1,0.11296250991104759,0.0,0.0,0.20408163265306123,0.0,0.0,98827.26745073604,0.0,0.0
normal,available_energy_j,1.25,edf,1,0.1085235278498787,0.0,0.0,0.1989795918367347,0.0,0.0,98300.55610839392,0.0,0.0
normal,available_energy_j,1.25,greedy,1,0.09117769490159433,0.0,0.0,0.1836734693877551,0.0,0.0,97101.82638830256,0.0,0.0
normal,available_energy_j,1.25,predictive,1,0.10075206687976561,0.0,0.0,0.2193877551020408,0.0,0.0,90201.76131794653,0.0,0.0
normal,available_energy_j,1.25,random,1,0.07704949329863599,0.0,0.0,0.1377551020408163,0.0,0.0,88260.91014426436,0.0,0.0
normal,available_energy_j,1.25,rule,1,0.1175197029130427,0.0,0.0,0.23469387755102042,0.0,0.0,98655.48744474402,0.0,0.0
normal,contact_bandwidth,0.75,contact_knapsack,1,0.0853673353769299,0.0,0.0,0.1836734693877551,0.0,0.0,97890.77682941839,0.0,0.0
normal,contact_bandwidth,0.75,edf,1,0.07760615374846017,0.0,0.0,0.18877551020408162,0.0,0.0,97119.77999694667,0.0,0.0
normal,contact_bandwidth,0.75,greedy,1,0.06882931576337896,0.0,0.0,0.17346938775510204,0.0,0.0,96620.06608399223,0.0,0.0
normal,contact_bandwidth,0.75,predictive,1,0.0769100799504322,0.0,0.0,0.15306122448979592,0.0,0.0,88657.04731409774,0.0,0.0
normal,contact_bandwidth,0.75,random,1,0.05909884166087756,0.0,0.0,0.1326530612244898,0.0,0.0,91685.1347937892,0.0,0.0
normal,contact_bandwidth,0.75,rule,1,0.08818766097517633,0.0,0.0,0.1836734693877551,0.0,0.0,96856.99725712698,0.0,0.0
normal,contact_bandwidth,1.0,contact_knapsack,1,0.11296250991104759,0.0,0.0,0.20408163265306123,0.0,0.0,98827.26745073604,0.0,0.0
normal,contact_bandwidth,1.0,edf,1,0.1085235278498787,0.0,0.0,0.1989795918367347,0.0,0.0,98300.55610839392,0.0,0.0
normal,contact_bandwidth,1.0,greedy,1,0.09117769490159433,0.0,0.0,0.1836734693877551,0.0,0.0,97101.82638830256,0.0,0.0
normal,contact_bandwidth,1.0,predictive,1,0.10075206687976561,0.0,0.0,0.2193877551020408,0.0,0.0,90201.76131794653,0.0,0.0
normal,contact_bandwidth,1.0,random,1,0.07704949329863599,0.0,0.0,0.1377551020408163,0.0,0.0,88260.91014426436,0.0,0.0
normal,contact_bandwidth,1.0,rule,1,0.1175197029130427,0.0,0.0,0.23469387755102042,0.0,0.0,98655.48744474402,0.0,0.0
normal,contact_bandwidth,1.25,contact_knapsack,1,0.15201033079246346,0.0,0.0,0.22448979591836735,0.0,0.0,99041.52425229624,0.0,0.0
normal,contact_bandwidth,1.25,edf,1,0.13204457692631466,0.0,0.0,0.22448979591836735,0.0,0.0,97964.49102141672,0.0,0.0
normal,contact_bandwidth,1.25,greedy,1,0.12638793062688214,0.0,0.0,0.20408163265306123,0.0,0.0,96940.88489243372,0.0,0.0
normal,contact_bandwidth,1.25,predictive,1,0.12117590283131598,0.0,0.0,0.21428571428571427,0.0,0.0,89976.10908862694,0.0,0.0
normal,contact_bandwidth,1.25,random,1,0.08317635456465818,0.0,0.0,0.12755102040816327,0.0,0.0,89380.9310257791,0.0,0.0
normal,contact_bandwidth,1.25,rule,1,0.1495016090208722,0.0,0.0,0.25,0.0,0.0,98568.48260785836,0.0,0.0
normal,contact_window_duration,0.75,contact_knapsack,1,0.08908705343045334,0.0,0.0,0.16326530612244897,0.0,0.0,93698.89408763441,0.0,0.0
normal,contact_window_duration,0.75,edf,1,0.08297787123598245,0.0,0.0,0.1836734693877551,0.0,0.0,93612.98256244701,0.0,0.0
normal,contact_window_duration,0.75,greedy,1,0.07131024379541585,0.0,0.0,0.12244897959183673,0.0,0.0,93186.99583522593,0.0,0.0
normal,contact_window_duration,0.75,predictive,1,0.07495302078434858,0.0,0.0,0.21428571428571427,0.0,0.0,86357.39672287022,0.0,0.0
normal,contact_window_duration,0.75,random,1,0.06284474780195155,0.0,0.0,0.09183673469387756,0.0,0.0,87277.66949664913,0.0,0.0
normal,contact_window_duration,0.75,rule,1,0.08777259294434013,0.0,0.0,0.18877551020408162,0.0,0.0,93835.76308564284,0.0,0.0
normal,contact_window_duration,1.0,contact_knapsack,1,0.11296250991104759,0.0,0.0,0.20408163265306123,0.0,0.0,98827.26745073604,0.0,0.0
normal,contact_window_duration,1.0,edf,1,0.1085235278498787,0.0,0.0,0.1989795918367347,0.0,0.0,98300.55610839392,0.0,0.0
normal,contact_window_duration,1.0,greedy,1,0.09117769490159433,0.0,0.0,0.1836734693877551,0.0,0.0,97101.82638830256,0.0,0.0
normal,contact_window_duration,1.0,predictive,1,0.10075206687976561,0.0,0.0,0.2193877551020408,0.0,0.0,90201.76131794653,0.0,0.0
normal,contact_window_duration,1.0,random,1,0.07704949329863599,0.0,0.0,0.1377551020408163,0.0,0.0,88260.91014426436,0.0,0.0
normal,contact_window_duration,1.0,rule,1,0.1175197029130427,0.0,0.0,0.23469387755102042,0.0,0.0,98655.48744474402,0.0,0.0
normal,contact_window_duration,1.25,contact_knapsack,1,0.14112085101412794,0.0,0.0,0.2653061224489796,0.0,0.0,102361.81845977395,0.0,0.0
normal,contact_window_duration,1.25,edf,1,0.12373181895171761,0.0,0.0,0.25510204081632654,0.0,0.0,101335.18014974012,0.0,0.0
normal,contact_window_duration,1.25,greedy,1,0.11101997525805658,0.0,0.0,0.23469387755102042,0.0,0.0,100469.94413835333,0.0,0.0
normal,contact_window_duration,1.25,predictive,1,0.11104639047116177,0.0,0.0,0.2755102040816326,0.0,0.0,93773.7906661668,0.0,0.0
normal,contact_window_duration,1.25,random,1,0.0726784532801511,0.0,0.0,0.16326530612244897,0.0,0.0,87708.12730947563,0.0,0.0
normal,contact_window_duration,1.25,rule,1,0.14906321675470297,0.0,0.0,0.30612244897959184,0.0,0.0,102349.2226000421,0.0,0.0
normal,deadline_s,0.75,contact_knapsack,1,0.10526666346153862,0.0,0.0,0.19387755102040816,0.0,0.0,92347.06581609335,0.0,0.0
normal,deadline_s,0.75,edf,1,0.1027749482156463,0.0,0.0,0.19387755102040816,0.0,0.0,92255.61239748685,0.0,0.0
normal,deadline_s,0.75,greedy,1,0.0926135425789016,0.0,0.0,0.17346938775510204,0.0,0.0,90454.73585101735,0.0,0.0
normal,deadline_s,0.75,predictive,1,0.10110020580483565,0.0,0.0,0.20918367346938777,0.0,0.0,87425.09561503831,0.0,0.0
normal,deadline_s,0.75,random,1,0.06950745193693143,0.0,0.0,0.16326530612244897,0.0,0.0,80966.4140485973,0.0,0.0
normal,deadline_s,0.75,rule,1,0.11252321540366651,0.0,0.0,0.1989795918367347,0.0,0.0,90794.25431504735,0.0,0.0
normal,deadline_s,1.0,contact_knapsack,1,0.11296250991104759,0.0,0.0,0.20408163265306123,0.0,0.0,98827.26745073604,0.0,0.0
normal,deadline_s,1.0,edf,1,0.1085235278498787,0.0,0.0,0.1989795918367347,0.0,0.0,98300.55610839392,0.0,0.0
normal,deadline_s,1.0,greedy,1,0.09117769490159433,0.0,0.0,0.1836734693877551,0.0,0.0,97101.82638830256,0.0,0.0
normal,deadline_s,1.0,predictive,1,0.10075206687976561,0.0,0.0,0.2193877551020408,0.0,0.0,90201.76131794653,0.0,0.0
normal,deadline_s,1.0,random,1,0.07704949329863599,0.0,0.0,0.1377551020408163,0.0,0.0,88260.91014426436,0.0,0.0
normal,deadline_s,1.0,rule,1,0.1175197029130427,0.0,0.0,0.23469387755102042,0.0,0.0,98655.48744474402,0.0,0.0
normal,deadline_s,1.25,contact_knapsack,1,0.11446020103040393,0.0,0.0,0.2193877551020408,0.0,0.0,103156.92926754523,0.0,0.0
normal,deadline_s,1.25,edf,1,0.10741103201921172,0.0,0.0,0.2193877551020408,0.0,0.0,102667.21837861682,0.0,0.0
normal,deadline_s,1.25,greedy,1,0.09318940991095612,0.0,0.0,0.17857142857142858,0.0,0.0,101385.65040669453,0.0,0.0
normal,deadline_s,1.25,predictive,1,0.09840477267217278,0.0,0.0,0.22448979591836735,0.0,0.0,91917.85657567262,0.0,0.0
normal,deadline_s,1.25,random,1,0.07979570069327155,0.0,0.0,0.15306122448979592,0.0,0.0,89718.58450181245,0.0,0.0
normal,deadline_s,1.25,rule,1,0.13427100190682698,0.0,0.0,0.22448979591836735,0.0,0.0,102839.8691709496,0.0,0.0
normal,interarrival_s,0.75,contact_knapsack,1,0.09347428429889312,0.0,0.0,0.1717557251908397,0.0,0.0,102540.63085386,0.0,0.0
normal,interarrival_s,0.75,edf,1,0.07256489179875725,0.0,0.0,0.1946564885496183,0.0,0.0,102471.3625660326,0.0,0.0
normal,interarrival_s,0.75,greedy,1,0.06113286063927338,0.0,0.0,0.1717557251908397,0.0,0.0,101854.67714166333,0.0,0.0
normal,interarrival_s,0.75,predictive,1,0.0725369426936141,0.0,0.0,0.1717557251908397,0.0,0.0,89267.65714596858,0.0,0.0
normal,interarrival_s,0.75,random,1,0.06841951789732828,0.0,0.0,0.1297709923664122,0.0,0.0,83802.89089650608,0.0,0.0
normal,interarrival_s,0.75,rule,1,0.10420142034296735,0.0,0.0,0.17557251908396945,0.0,0.0,101852.68207783882,0.0,0.0
normal,interarrival_s,1.0,contact_knapsack,1,0.11296250991104759,0.0,0.0,0.20408163265306123,0.0,0.0,98827.26745073604,0.0,0.0
normal,interarrival_s,1.0,edf,1,0.1085235278498787,0.0,0.0,0.1989795918367347,0.0,0.0,98300.55610839392,0.0,0.0
normal,interarrival_s,1.0,greedy,1,0.09117769490159433,0.0,0.0,0.1836734693877551,0.0,0.0,97101.82638830256,0.0,0.0
normal,interarrival_s,1.0,predictive,1,0.10075206687976561,0.0,0.0,0.2193877551020408,0.0,0.0,90201.76131794653,0.0,0.0
normal,interarrival_s,1.0,random,1,0.07704949329863599,0.0,0.0,0.1377551020408163,0.0,0.0,88260.91014426436,0.0,0.0
normal,interarrival_s,1.0,rule,1,0.1175197029130427,0.0,0.0,0.23469387755102042,0.0,0.0,98655.48744474402,0.0,0.0
normal,interarrival_s,1.25,contact_knapsack,1,0.16087377931244784,0.0,0.0,0.2356687898089172,0.0,0.0,91300.97532950927,0.0,0.0
normal,interarrival_s,1.25,edf,1,0.15117783687889927,0.0,0.0,0.24203821656050956,0.0,0.0,91256.54090600848,0.0,0.0
normal,interarrival_s,1.25,greedy,1,0.11122510165782398,0.0,0.0,0.2229299363057325,0.0,0.0,90418.6118153974,0.0,0.0
normal,interarrival_s,1.25,predictive,1,0.1155068430837875,0.0,0.0,0.21656050955414013,0.0,0.0,86552.7505430372,0.0,0.0
normal,interarrival_s,1.25,random,1,0.07865028977803842,0.0,0.0,0.18471337579617833,0.0,0.0,80472.8939722509,0.0,0.0
normal,interarrival_s,1.25,rule,1,0.1537542841509512,0.0,0.0,0.2611464968152866,0.0,0.0,90589.14453389586,0.0,0.0
normal,storage_mb,0.75,contact_knapsack,1,0.11296250991104759,0.0,0.0,0.20408163265306123,0.0,0.0,98827.26745073604,0.0,0.0
normal,storage_mb,0.75,edf,1,0.1085235278498787,0.0,0.0,0.1989795918367347,0.0,0.0,98300.55610839392,0.0,0.0
normal,storage_mb,0.75,greedy,1,0.09117769490159433,0.0,0.0,0.1836734693877551,0.0,0.0,97101.82638830256,0.0,0.0
normal,storage_mb,0.75,predictive,1,0.10075206687976561,0.0,0.0,0.2193877551020408,0.0,0.0,90201.76131794653,0.0,0.0
normal,storage_mb,0.75,random,1,0.07704949329863599,0.0,0.0,0.1377551020408163,0.0,0.0,88260.91014426436,0.0,0.0
normal,storage_mb,0.75,rule,1,0.1175197029130427,0.0,0.0,0.23469387755102042,0.0,0.0,98655.48744474402,0.0,0.0
normal,storage_mb,1.0,contact_knapsack,1,0.11296250991104759,0.0,0.0,0.20408163265306123,0.0,0.0,98827.26745073604,0.0,0.0
normal,storage_mb,1.0,edf,1,0.1085235278498787,0.0,0.0,0.1989795918367347,0.0,0.0,98300.55610839392,0.0,0.0
normal,storage_mb,1.0,greedy,1,0.09117769490159433,0.0,0.0,0.1836734693877551,0.0,0.0,97101.82638830256,0.0,0.0
normal,storage_mb,1.0,predictive,1,0.10075206687976561,0.0,0.0,0.2193877551020408,0.0,0.0,90201.76131794653,0.0,0.0
normal,storage_mb,1.0,random,1,0.07704949329863599,0.0,0.0,0.1377551020408163,0.0,0.0,88260.91014426436,0.0,0.0
normal,storage_mb,1.0,rule,1,0.1175197029130427,0.0,0.0,0.23469387755102042,0.0,0.0,98655.48744474402,0.0,0.0
normal,storage_mb,1.25,contact_knapsack,1,0.11296250991104759,0.0,0.0,0.20408163265306123,0.0,0.0,98827.26745073604,0.0,0.0
normal,storage_mb,1.25,edf,1,0.1085235278498787,0.0,0.0,0.1989795918367347,0.0,0.0,98300.55610839392,0.0,0.0
normal,storage_mb,1.25,greedy,1,0.09117769490159433,0.0,0.0,0.1836734693877551,0.0,0.0,97101.82638830256,0.0,0.0
normal,storage_mb,1.25,predictive,1,0.10075206687976561,0.0,0.0,0.2193877551020408,0.0,0.0,90201.76131794653,0.0,0.0
normal,storage_mb,1.25,random,1,0.07704949329863599,0.0,0.0,0.1377551020408163,0.0,0.0,88260.91014426436,0.0,0.0
normal,storage_mb,1.25,rule,1,0.1175197029130427,0.0,0.0,0.23469387755102042,0.0,0.0,98655.48744474402,0.0,0.0
poor_link,available_energy_j,0.75,contact_knapsack,1,0.002733466477629116,0.0,0.0,0.08163265306122448,0.0,0.0,64968.51767846658,0.0,0.0
poor_link,available_energy_j,0.75,edf,1,0.002733466477629116,0.0,0.0,0.08163265306122448,0.0,0.0,64968.51767846658,0.0,0.0
poor_link,available_energy_j,0.75,greedy,1,0.002663394348860649,0.0,0.0,0.07653061224489796,0.0,0.0,64968.51767846658,0.0,0.0
poor_link,available_energy_j,0.75,predictive,1,0.002593424835226043,0.0,0.0,0.07142857142857142,0.0,0.0,64878.51767846658,0.0,0.0
poor_link,available_energy_j,0.75,random,1,0.0023582945516655712,0.0,0.0,0.05612244897959184,0.0,0.0,64968.51767846657,0.0,0.0
poor_link,available_energy_j,0.75,rule,1,0.002668291516702928,0.0,0.0,0.07653061224489796,0.0,0.0,64968.51767846658,0.0,0.0
poor_link,available_energy_j,1.0,contact_knapsack,1,0.002733466477629116,0.0,0.0,0.08163265306122448,0.0,0.0,64968.51767846658,0.0,0.0
poor_link,available_energy_j,1.0,edf,1,0.002733466477629116,0.0,0.0,0.08163265306122448,0.0,0.0,64968.51767846658,0.0,0.0
poor_link,available_energy_j,1.0,greedy,1,0.002663394348860649,0.0,0.0,0.07653061224489796,0.0,0.0,64968.51767846658,0.0,0.0
poor_link,available_energy_j,1.0,predictive,1,0.002593424835226043,0.0,0.0,0.07142857142857142,0.0,0.0,64878.51767846658,0.0,0.0
poor_link,available_energy_j,1.0,random,1,0.0023582945516655712,0.0,0.0,0.05612244897959184,0.0,0.0,64968.51767846657,0.0,0.0
poor_link,available_energy_j,1.0,rule,1,0.002668291516702928,0.0,0.0,0.07653061224489796,0.0,0.0,64968.51767846658,0.0,0.0
poor_link,available_energy_j,1.25,contact_knapsack,1,0.002733466477629116,0.0,0.0,0.08163265306122448,0.0,0.0,64968.51767846658,0.0,0.0
poor_link,available_energy_j,1.25,edf,1,0.002733466477629116,0.0,0.0,0.08163265306122448,0.0,0.0,64968.51767846658,0.0,0.0
poor_link,available_energy_j,1.25,greedy,1,0.002663394348860649,0.0,0.0,0.07653061224489796,0.0,0.0,64968.51767846658,0.0,0.0
poor_link,available_energy_j,1.25,predictive,1,0.002593424835226043,0.0,0.0,0.07142857142857142,0.0,0.0,64878.51767846658,0.0,0.0
poor_link,available_energy_j,1.25,random,1,0.0023582945516655712,0.0,0.0,0.05612244897959184,0.0,0.0,64968.51767846657,0.0,0.0
poor_link,available_energy_j,1.25,rule,1,0.002668291516702928,0.0,0.0,0.07653061224489796,0.0,0.0,64968.51767846658,0.0,0.0
poor_link,contact_bandwidth,0.75,contact_knapsack,1,0.002733466477629116,0.0,0.0,0.08163265306122448,0.0,0.0,65044.13264517691,0.0,0.0
poor_link,contact_bandwidth,0.75,edf,1,0.002733466477629116,0.0,0.0,0.08163265306122448,0.0,0.0,65044.13264517691,0.0,0.0
poor_link,contact_bandwidth,0.75,greedy,1,0.002663394348860649,0.0,0.0,0.07653061224489796,0.0,0.0,65044.13264517691,0.0,0.0
poor_link,contact_bandwidth,0.75,predictive,1,0.002593424835226043,0.0,0.0,0.07142857142857142,0.0,0.0,64914.1326451769,0.0,0.0
poor_link,contact_bandwidth,0.75,random,1,0.0013407040613142246,0.0,0.0,0.04591836734693878,0.0,0.0,65044.1326451769,0.0,0.0
poor_link,contact_bandwidth,0.75,rule,1,0.002668291516702928,0.0,0.0,0.07653061224489796,0.0,0.0,65044.1326451769,0.0,0.0
poor_link,contact_bandwidth,1.0,contact_knapsack,1,0.002733466477629116,0.0,0.0,0.08163265306122448,0.0,0.0,64968.51767846658,0.0,0.0
poor_link,contact_bandwidth,1.0,edf,1,0.002733466477629116,0.0,0.0,0.08163265306122448,0.0,0.0,64968.51767846658,0.0,0.0
poor_link,contact_bandwidth,1.0,greedy,1,0.002663394348860649,0.0,0.0,0.07653061224489796,0.0,0.0,64968.51767846658,0.0,0.0
poor_link,contact_bandwidth,1.0,predictive,1,0.002593424835226043,0.0,0.0,0.07142857142857142,0.0,0.0,64878.51767846658,0.0,0.0
poor_link,contact_bandwidth,1.0,random,1,0.0023582945516655712,0.0,0.0,0.05612244897959184,0.0,0.0,64968.51767846657,0.0,0.0
poor_link,contact_bandwidth,1.0,rule,1,0.002668291516702928,0.0,0.0,0.07653061224489796,0.0,0.0,64968.51767846658,0.0,0.0
poor_link,contact_bandwidth,1.25,contact_knapsack,1,0.002733466477629116,0.0,0.0,0.08163265306122448,0.0,0.0,64968.5176784666,0.0,0.0
poor_link,contact_bandwidth,1.25,edf,1,0.002733466477629116,0.0,0.0,0.08163265306122448,0.0,0.0,64968.5176784666,0.0,0.0
poor_link,contact_bandwidth,1.25,greedy,1,0.002663394348860649,0.0,0.0,0.07653061224489796,0.0,0.0,64968.51767846658,0.0,0.0
poor_link,contact_bandwidth,1.25,predictive,1,0.002593424835226043,0.0,0.0,0.07142857142857142,0.0,0.0,64838.5176784666,0.0,0.0
poor_link,contact_bandwidth,1.25,random,1,0.002528249874299855,0.0,0.0,0.0663265306122449,0.0,0.0,64968.51767846658,0.0,0.0
poor_link,contact_bandwidth,1.25,rule,1,0.002668291516702928,0.0,0.0,0.07653061224489796,0.0,0.0,64968.5176784666,0.0,0.0
poor_link,contact_window_duration,0.75,contact_knapsack,1,0.002668291516702928,0.0,0.0,0.07653061224489796,0.0,0.0,64968.5176784666,0.0,0.0
poor_link,contact_window_duration,0.75,edf,1,0.002668291516702928,0.0,0.0,0.07653061224489796,0.0,0.0,64968.5176784666,0.0,0.0
poor_link,contact_window_duration,0.75,greedy,1,0.0025982193879344603,0.0,0.0,0.07142857142857142,0.0,0.0,64968.5176784666,0.0,0.0
poor_link,contact_window_duration,0.75,predictive,1,0.002528249874299855,0.0,0.0,0.0663265306122449,0.0,0.0,64878.5176784666,0.0,0.0
poor_link,contact_window_duration,0.75,random,1,0.001444995601716281,0.0,0.0,0.05102040816326531,0.0,0.0,64968.51767846658,0.0,0.0
poor_link,contact_window_duration,0.75,rule,1,0.002668291516702928,0.0,0.0,0.07653061224489796,0.0,0.0,64968.5176784666,0.0,0.0
poor_link,contact_window_duration,1.0,contact_knapsack,1,0.002733466477629116,0.0,0.0,0.08163265306122448,0.0,0.0,64968.51767846658,0.0,0.0
poor_link,contact_window_duration,1.0,edf,1,0.002733466477629116,0.0,0.0,0.08163265306122448,0.0,0.0,64968.51767846658,0.0,0.0
poor_link,contact_window_duration,1.0,greedy,1,0.002663394348860649,0.0,0.0,0.07653061224489796,0.0,0.0,64968.51767846658,0.0,0.0
poor_link,contact_window_duration,1.0,predictive,1,0.002593424835226043,0.0,0.0,0.07142857142857142,0.0,0.0,64878.51767846658,0.0,0.0
poor_link,contact_window_duration,1.0,random,1,0.0023582945516655712,0.0,0.0,0.05612244897959184,0.0,0.0,64968.51767846657,0.0,0.0
poor_link,contact_window_duration,1.0,rule,1,0.002668291516702928,0.0,0.0,0.07653061224489796,0.0,0.0,64968.51767846658,0.0,0.0
poor_link,contact_window_duration,1.25,contact_knapsack,1,0.0029072086745745122,0.0,0.0,0.09183673469387756,0.0,0.0,64968.51767846657,0.0,0.0
poor_link,contact_window_duration,1.25,edf,1,0.0029072086745745122,0.0,0.0,0.09183673469387756,0.0,0.0,64968.51767846657,0.0,0.0
poor_link,contact_window_duration,1.25,greedy,1,0.0028371365458060445,0.0,0.0,0.08673469387755102,0.0,0.0,64968.5176784666,0.0,0.0
poor_link,contact_window_duration,1.25,predictive,1,0.002767167032171439,0.0,0.0,0.08163265306122448,0.0,0.0,64878.51767846658,0.0,0.0
poor_link,contact_window_duration,1.25,random,1,0.002689914330208172,0.0,0.0,0.07653061224489796,0.0,0.0,64968.51767846658,0.0,0.0
poor_link,contact_window_duration,1.25,rule,1,0.002733466477629116,0.0,0.0,0.08163265306122448,0.0,0.0,64968.51767846657,0.0,0.0
poor_link,deadline_s,0.75,contact_knapsack,1,0.002593424835226043,0.0,0.0,0.07142857142857142,0.0,0.0,61733.410465336594,0.0,0.0
poor_link,deadline_s,0.75,edf,1,0.002593424835226043,0.0,0.0,0.07142857142857142,0.0,0.0,61733.410465336594,0.0,0.0
poor_link,deadline_s,0.75,greedy,1,0.0024881955594264903,0.0,0.0,0.0663265306122449,0.0,0.0,61733.410465336594,0.0,0.0
poor_link,deadline_s,0.75,predictive,1,0.0024881955594264903,0.0,0.0,0.0663265306122449,0.0,0.0,61751.41046533661,0.0,0.0
poor_link,deadline_s,0.75,random,1,0.002528249874299855,0.0,0.0,0.0663265306122449,0.0,0.0,61733.410465336594,0.0,0.0
poor_link,deadline_s,0.75,rule,1,0.002528249874299855,0.0,0.0,0.0663265306122449,0.0,0.0,61733.410465336594,0.0,0.0
poor_link,deadline_s,1.0,contact_knapsack,1,0.002733466477629116,0.0,0.0,0.08163265306122448,0.0,0.0,64968.51767846658,0.0,0.0
poor_link,deadline_s,1.0,edf,1,0.002733466477629116,0.0,0.0,0.08163265306122448,0.0,0.0,64968.51767846658,0.0,0.0
poor_link,deadline_s,1.0,greedy,1,0.002663394348860649,0.0,0.0,0.07653061224489796,0.0,0.0,64968.51767846658,0.0,0.0
poor_link,deadline_s,1.0,predictive,1,0.002593424835226043,0.0,0.0,0.07142857142857142,0.0,0.0,64878.51767846658,0.0,0.0
poor_link,deadline_s,1.0,random,1,0.0023582945516655712,0.0,0.0,0.05612244897959184,0.0,0.0,64968.51767846657,0.0,0.0
poor_link,deadline_s,1.0,rule,1,0.002668291516702928,0.0,0.0,0.07653061224489796,0.0,0.0,64968.51767846658,0.0,0.0
poor_link,deadline_s,1.25,contact_knapsack,1,0.0031785364210045446,0.0,0.0,0.10714285714285714,0.0,0.0,68319.28906404057,0.0,0.0
poor_link,deadline_s,1.25,edf,1,0.0031785364210045446,0.0,0.0,0.10714285714285714,0.0,0.0,68319.28906404057,0.0,0.0
poor_link,deadline_s,1.25,greedy,1,0.003071544300434325,0.0,0.0,0.10204081632653061,0.0,0.0,68319.28906404057,0.0,0.0
poor_link,deadline_s,1.25,predictive,1,0.003071544300434325,0.0,0.0,0.10204081632653061,0.0,0.0,68027.42554751404,0.0,0.0
poor_link,deadline_s,1.25,random,1,0.0024756070577451462,0.0,0.0,0.0663265306122449,0.0,0.0,68319.28906404057,0.0,0.0
poor_link,deadline_s,1.25,rule,1,0.0030063693395081365,0.0,0.0,0.09693877551020408,0.0,0.0,68319.28906404057,0.0,0.0
poor_link,interarrival_s,0.75,contact_knapsack,1,0.0037084318524494724,0.0,0.0,0.1183206106870229,0.0,0.0,66527.75602271677,0.0,0.0
poor_link,interarrival_s,0.75,edf,1,0.002913915788570135,0.0,0.0,0.10305343511450382,0.0,0.0,66527.75602271679,0.0,0.0
poor_link,interarrival_s,0.75,greedy,1,0.0037886025343948143,0.0,0.0,0.12213740458015267,0.0,0.0,66527.75602271679,0.0,0.0
poor_link,interarrival_s,0.75,predictive,1,0.003625043010907884,0.0,0.0,0.11068702290076336,0.0,0.0,66273.75602271677,0.0,0.0
poor_link,interarrival_s,0.75,random,1,0.00200676639111756,0.0,0.0,0.05725190839694656,0.0,0.0,66247.75602271677,0.0,0.0
poor_link,interarrival_s,0.75,rule,1,0.0032961541717762195,0.0,0.0,0.09541984732824428,0.0,0.0,66527.75602271677,0.0,0.0
poor_link,interarrival_s,1.0,contact_knapsack,1,0.002733466477629116,0.0,0.0,0.08163265306122448,0.0,0.0,64968.51767846658,0.0,0.0
poor_link,interarrival_s,1.0,edf,1,0.002733466477629116,0.0,0.0,0.08163265306122448,0.0,0.0,64968.51767846658,0.0,0.0
poor_link,interarrival_s,1.0,greedy,1,0.002663394348860649,0.0,0.0,0.07653061224489796,0.0,0.0,64968.51767846658,0.0,0.0
poor_link,interarrival_s,1.0,predictive,1,0.002593424835226043,0.0,0.0,0.07142857142857142,0.0,0.0,64878.51767846658,0.0,0.0
poor_link,interarrival_s,1.0,random,1,0.0023582945516655712,0.0,0.0,0.05612244897959184,0.0,0.0,64968.51767846657,0.0,0.0
poor_link,interarrival_s,1.0,rule,1,0.002668291516702928,0.0,0.0,0.07653061224489796,0.0,0.0,64968.51767846658,0.0,0.0
poor_link,interarrival_s,1.25,contact_knapsack,1,0.001958513373559523,0.0,0.0,0.10828025477707007,0.0,0.0,64518.455827674275,0.0,0.0
poor_link,interarrival_s,1.25,edf,1,0.001958513373559523,0.0,0.0,0.10828025477707007,0.0,0.0,64518.455827674275,0.0,0.0
poor_link,interarrival_s,1.25,greedy,1,0.001958513373559523,0.0,0.0,0.10828025477707007,0.0,0.0,64518.45582767426,0.0,0.0
poor_link,interarrival_s,1.25,predictive,1,0.0018197698747439864,0.0,0.0,0.10191082802547771,0.0,0.0,64248.45582767425,0.0,0.0
poor_link,interarrival_s,1.25,random,1,0.0015530531807574468,0.0,0.0,0.08917197452229299,0.0,0.0,64518.455827674275,0.0,0.0
poor_link,interarrival_s,1.25,rule,1,0.001958513373559523,0.0,0.0,0.10828025477707007,0.0,0.0,64518.455827674275,0.0,0.0
poor_link,storage_mb,0.75,contact_knapsack,1,0.002733466477629116,0.0,0.0,0.08163265306122448,0.0,0.0,64968.51767846658,0.0,0.0
poor_link,storage_mb,0.75,edf,1,0.002733466477629116,0.0,0.0,0.08163265306122448,0.0,0.0,64968.51767846658,0.0,0.0
poor_link,storage_mb,0.75,greedy,1,0.002663394348860649,0.0,0.0,0.07653061224489796,0.0,0.0,64968.51767846658,0.0,0.0
poor_link,storage_mb,0.75,predictive,1,0.002593424835226043,0.0,0.0,0.07142857142857142,0.0,0.0,64878.51767846658,0.0,0.0
poor_link,storage_mb,0.75,random,1,0.0023582945516655712,0.0,0.0,0.05612244897959184,0.0,0.0,64968.51767846657,0.0,0.0
poor_link,storage_mb,0.75,rule,1,0.002668291516702928,0.0,0.0,0.07653061224489796,0.0,0.0,64968.51767846658,0.0,0.0
poor_link,storage_mb,1.0,contact_knapsack,1,0.002733466477629116,0.0,0.0,0.08163265306122448,0.0,0.0,64968.51767846658,0.0,0.0
poor_link,storage_mb,1.0,edf,1,0.002733466477629116,0.0,0.0,0.08163265306122448,0.0,0.0,64968.51767846658,0.0,0.0
poor_link,storage_mb,1.0,greedy,1,0.002663394348860649,0.0,0.0,0.07653061224489796,0.0,0.0,64968.51767846658,0.0,0.0
poor_link,storage_mb,1.0,predictive,1,0.002593424835226043,0.0,0.0,0.07142857142857142,0.0,0.0,64878.51767846658,0.0,0.0
poor_link,storage_mb,1.0,random,1,0.0023582945516655712,0.0,0.0,0.05612244897959184,0.0,0.0,64968.51767846657,0.0,0.0
poor_link,storage_mb,1.0,rule,1,0.002668291516702928,0.0,0.0,0.07653061224489796,0.0,0.0,64968.51767846658,0.0,0.0
poor_link,storage_mb,1.25,contact_knapsack,1,0.002733466477629116,0.0,0.0,0.08163265306122448,0.0,0.0,64968.51767846658,0.0,0.0
poor_link,storage_mb,1.25,edf,1,0.002733466477629116,0.0,0.0,0.08163265306122448,0.0,0.0,64968.51767846658,0.0,0.0
poor_link,storage_mb,1.25,greedy,1,0.002663394348860649,0.0,0.0,0.07653061224489796,0.0,0.0,64968.51767846658,0.0,0.0
poor_link,storage_mb,1.25,predictive,1,0.002593424835226043,0.0,0.0,0.07142857142857142,0.0,0.0,64878.51767846658,0.0,0.0
poor_link,storage_mb,1.25,random,1,0.0023582945516655712,0.0,0.0,0.05612244897959184,0.0,0.0,64968.51767846657,0.0,0.0
poor_link,storage_mb,1.25,rule,1,0.002668291516702928,0.0,0.0,0.07653061224489796,0.0,0.0,64968.51767846658,0.0,0.0
task_burst,available_energy_j,0.75,contact_knapsack,1,0.023552888139632595,0.0,0.0,0.07119386637458927,0.0,0.0,109123.23814512286,0.0,0.0
task_burst,available_energy_j,0.75,edf,1,0.021946297651269445,0.0,0.0,0.07995618838992333,0.0,0.0,109368.32042825707,0.0,0.0
task_burst,available_energy_j,0.75,greedy,1,0.011423811730054963,0.0,0.0,0.05147864184008762,0.0,0.0,106415.47451370384,0.0,0.0
task_burst,available_energy_j,0.75,predictive,1,0.024497991023433575,0.0,0.0,0.06571741511500548,0.0,0.0,94232.18052119436,0.0,0.0
task_burst,available_energy_j,0.75,random,1,0.012428771338417867,0.0,0.0,0.03066812705366922,0.0,0.0,87271.87251242346,0.0,0.0
task_burst,available_energy_j,0.75,rule,1,0.025427498184127473,0.0,0.0,0.06571741511500548,0.0,0.0,109049.73961944644,0.0,0.0
task_burst,available_energy_j,1.0,contact_knapsack,1,0.023552888139632595,0.0,0.0,0.07119386637458927,0.0,0.0,109123.23814512286,0.0,0.0
task_burst,available_energy_j,1.0,edf,1,0.021946297651269445,0.0,0.0,0.07995618838992333,0.0,0.0,109368.32042825707,0.0,0.0
task_burst,available_energy_j,1.0,greedy,1,0.011423811730054963,0.0,0.0,0.05147864184008762,0.0,0.0,106415.47451370384,0.0,0.0
task_burst,available_energy_j,1.0,predictive,1,0.024497991023433575,0.0,0.0,0.06571741511500548,0.0,0.0,94232.18052119436,0.0,0.0
task_burst,available_energy_j,1.0,random,1,0.012428771338417867,0.0,0.0,0.03066812705366922,0.0,0.0,87271.87251242346,0.0,0.0
task_burst,available_energy_j,1.0,rule,1,0.025427498184127473,0.0,0.0,0.06571741511500548,0.0,0.0,109049.73961944644,0.0,0.0
task_burst,available_energy_j,1.25,contact_knapsack,1,0.023552888139632595,0.0,0.0,0.07119386637458927,0.0,0.0,109123.23814512286,0.0,0.0
task_burst,available_energy_j,1.25,edf,1,0.021946297651269445,0.0,0.0,0.07995618838992333,0.0,0.0,109368.32042825707,0.0,0.0
task_burst,available_energy_j,1.25,greedy,1,0.011423811730054963,0.0,0.0,0.05147864184008762,0.0,0.0,106415.47451370384,0.0,0.0
task_burst,available_energy_j,1.25,predictive,1,0.024347979087281906,0.0,0.0,0.06571741511500548,0.0,0.0,94583.98265264736,0.0,0.0
task_burst,available_energy_j,1.25,random,1,0.012428771338417867,0.0,0.0,0.03066812705366922,0.0,0.0,87271.87251242346,0.0,0.0
task_burst,available_energy_j,1.25,rule,1,0.025427498184127473,0.0,0.0,0.06571741511500548,0.0,0.0,109049.73961944644,0.0,0.0
task_burst,contact_bandwidth,0.75,contact_knapsack,1,0.01699005047650501,0.0,0.0,0.06462212486308871,0.0,0.0,106390.75807421692,0.0,0.0
task_burst,contact_bandwidth,0.75,edf,1,0.016138568978998732,0.0,0.0,0.07447973713033954,0.0,0.0,106536.13922712504,0.0,0.0
task_burst,contact_bandwidth,0.75,greedy,1,0.008618244979959454,0.0,0.0,0.03504928806133625,0.0,0.0,103479.46137524178,0.0,0.0
task_burst,contact_bandwidth,0.75,predictive,1,0.01890773636898645,0.0,0.0,0.06900328587075576,0.0,0.0,93117.91809419618,0.0,0.0
task_burst,contact_bandwidth,0.75,random,1,0.009464506310105491,0.0,0.0,0.0208105147864184,0.0,0.0,89526.09717991075,0.0,0.0
task_burst,contact_bandwidth,0.75,rule,1,0.016739171923387624,0.0,0.0,0.05805038335158817,0.0,0.0,106381.92342798122,0.0,0.0
task_burst,contact_bandwidth,1.0,contact_knapsack,1,0.023552888139632595,0.0,0.0,0.07119386637458927,0.0,0.0,109123.23814512286,0.0,0.0
task_burst,contact_bandwidth,1.0,edf,1,0.021946297651269445,0.0,0.0,0.07995618838992333,0.0,0.0,109368.32042825707,0.0,0.0
task_burst,contact_bandwidth,1.0,greedy,1,0.011423811730054963,0.0,0.0,0.05147864184008762,0.0,0.0,106415.47451370384,0.0,0.0
task_burst,contact_bandwidth,1.0,predictive,1,0.024497991023433575,0.0,0.0,0.06571741511500548,0.0,0.0,94232.18052119436,0.0,0.0
task_burst,contact_bandwidth,1.0,random,1,0.012428771338417867,0.0,0.0,0.03066812705366922,0.0,0.0,87271.87251242346,0.0,0.0
task_burst,contact_bandwidth,1.0,rule,1,0.025427498184127473,0.0,0.0,0.06571741511500548,0.0,0.0,109049.73961944644,0.0,0.0
task_burst,contact_bandwidth,1.25,contact_knapsack,1,0.03057559300393334,0.0,0.0,0.0755750273822563,0.0,0.0,110626.55598690316,0.0,0.0
task_burst,contact_bandwidth,1.25,edf,1,0.028039894216491286,0.0,0.0,0.0832420591456736,0.0,0.0,110998.52701253927,0.0,0.0
task_burst,contact_bandwidth,1.25,greedy,1,0.017968952602664637,0.0,0.0,0.04381161007667032,0.0,0.0,107807.84634201127,0.0,0.0
task_burst,contact_bandwidth,1.25,predictive,1,0.028689560821329486,0.0,0.0,0.07447973713033954,0.0,0.0,95948.3120325792,0.0,0.0
task_burst,contact_bandwidth,1.25,random,1,0.012062927126691873,0.0,0.0,0.028477546549835708,0.0,0.0,88998.39402674603,0.0,0.0
task_burst,contact_bandwidth,1.25,rule,1,0.0333396011349923,0.0,0.0,0.06681270536692223,0.0,0.0,110608.88526000438,0.0,0.0
task_burst,contact_window_duration,0.75,contact_knapsack,1,0.019929663625752516,0.0,0.0,0.060240963855421686,0.0,0.0,102798.1267918549,0.0,0.0
task_burst,contact_window_duration,0.75,edf,1,0.017600139345018556,0.0,0.0,0.06900328587075576,0.0,0.0,102526.5974661255,0.0,0.0
task_burst,contact_window_duration,0.75,greedy,1,0.01026026338486247,0.0,0.0,0.044906900328587074,0.0,0.0,99125.21509617846,0.0,0.0
task_burst,contact_window_duration,0.75,predictive,1,0.019658142569329084,0.0,0.0,0.06571741511500548,0.0,0.0,86324.33250043076,0.0,0.0
task_burst,contact_window_duration,0.75,random,1,0.010942001307910895,0.0,0.0,0.03066812705366922,0.0,0.0,84274.3875696199,0.0,0.0
task_burst,contact_window_duration,0.75,rule,1,0.01892344112193604,0.0,0.0,0.060240963855421686,0.0,0.0,102354.2060558355,0.0,0.0
task_burst,contact_window_duration,1.0,contact_knapsack,1,0.023552888139632595,0.0,0.0,0.07119386637458927,0.0,0.0,109123.23814512286,0.0,0.0
task_burst,contact_window_duration,1.0,edf,1,0.021946297651269445,0.0,0.0,0.07995618838992333,0.0,0.0,109368.32042825707,0.0,0.0
task_burst,contact_window_duration,1.0,greedy,1,0.011423811730054963,0.0,0.0,0.05147864184008762,0.0,0.0,106415.47451370384,0.0,0.0
task_burst,contact_window_duration,1.0,predictive,1,0.024497991023433575,0.0,0.0,0.06571741511500548,0.0,0.0,94232.18052119436,0.0,0.0
task_burst,contact_window_duration,1.0,random,1,0.012428771338417867,0.0,0.0,0.03066812705366922,0.0,0.0,87271.87251242346,0.0,0.0
task_burst,contact_window_duration,1.0,rule,1,0.025427498184127473,0.0,0.0,0.06571741511500548,0.0,0.0,109049.73961944644,0.0,0.0
task_burst,contact_window_duration,1.25,contact_knapsack,1,0.029461645284816138,0.0,0.0,0.0755750273822563,0.0,0.0,113680.40337607174,0.0,0.0
task_burst,contact_window_duration,1.25,edf,1,0.025943186575685655,0.0,0.0,0.09419496166484119,0.0,0.0,113923.00236209983,0.0,0.0
task_burst,contact_window_duration,1.25,greedy,1,0.013381157329024607,0.0,0.0,0.0624315443592552,0.0,0.0,110349.60361441347,0.0,0.0
task_burst,contact_window_duration,1.25,predictive,1,0.028479420600607094,0.0,0.0,0.08433734939759036,0.0,0.0,100007.17773686023,0.0,0.0
task_burst,contact_window_duration,1.25,random,1,0.01332598343147912,0.0,0.0,0.03285870755750274,0.0,0.0,92223.12277572257,0.0,0.0
task_burst,contact_window_duration,1.25,rule,1,0.03010241934712492,0.0,0.0,0.07776560788608981,0.0,0.0,113693.24202033212,0.0,0.0
task_burst,deadline_s,0.75,contact_knapsack,1,0.02541869053682923,0.0,0.0,0.06900328587075576,0.0,0.0,104751.08898695552,0.0,0.0
task_burst,deadline_s,0.75,edf,1,0.02225030761385059,0.0,0.0,0.07667031763417305,0.0,0.0,104576.23054211671,0.0,0.0
task_burst,deadline_s,0.75,greedy,1,0.013319465510971478,0.0,0.0,0.04271631982475356,0.0,0.0,98727.69284467012,0.0,0.0
task_burst,deadline_s,0.75,predictive,1,0.023867729413422058,0.0,0.0,0.06681270536692223,0.0,0.0,91530.08388492226,0.0,0.0
task_burst,deadline_s,0.75,random,1,0.013120280227375013,0.0,0.0,0.029572836801752465,0.0,0.0,85942.34056958338,0.0,0.0
task_burst,deadline_s,0.75,rule,1,0.02566966098369148,0.0,0.0,0.06133625410733844,0.0,0.0,104239.01482615541,0.0,0.0
task_burst,deadline_s,1.0,contact_knapsack,1,0.023552888139632595,0.0,0.0,0.07119386637458927,0.0,0.0,109123.23814512286,0.0,0.0
task_burst,deadline_s,1.0,edf,1,0.021946297651269445,0.0,0.0,0.07995618838992333,0.0,0.0,109368.32042825707,0.0,0.0
task_burst,deadline_s,1.0,greedy,1,0.011423811730054963,0.0,0.0,0.05147864184008762,0.0,0.0,106415.47451370384,0.0,0.0
task_burst,deadline_s,1.0,predictive,1,0.024497991023433575,0.0,0.0,0.06571741511500548,0.0,0.0,94232.18052119436,0.0,0.0
task_burst,deadline_s,1.0,random,1,0.012428771338417867,0.0,0.0,0.03066812705366922,0.0,0.0,87271.87251242346,0.0,0.0
task_burst,deadline_s,1.0,rule,1,0.025427498184127473,0.0,0.0,0.06571741511500548,0.0,0.0,109049.73961944644,0.0,0.0
task_burst,deadline_s,1.25,contact_knapsack,1,0.02334497421092397,0.0,0.0,0.0755750273822563,0.0,0.0,118040.73866689134,0.0,0.0
task_burst,deadline_s,1.25,edf,1,0.021211218994427423,0.0,0.0,0.08214676889375684,0.0,0.0,118315.72750729487,0.0,0.0
task_burst,deadline_s,1.25,greedy,1,0.012587881005062519,0.0,0.0,0.0416210295728368,0.0,0.0,116021.51822069135,0.0,0.0
task_burst,deadline_s,1.25,predictive,1,0.024187495379968168,0.0,0.0,0.0700985761226725,0.0,0.0,95663.87768481568,0.0,0.0
task_burst,deadline_s,1.25,random,1,0.014985896961007772,0.0,0.0,0.028477546549835708,0.0,0.0,96010.23898813369,0.0,0.0
task_burst,deadline_s,1.25,rule,1,0.024997441257669874,0.0,0.0,0.07667031763417305,0.0,0.0,118642.68861799403,0.0,0.0
task_burst,interarrival_s,0.75,contact_knapsack,1,0.017533135670816866,0.0,0.0,0.05906480721903199,0.0,0.0,112276.5259441297,0.0,0.0
task_burst,interarrival_s,0.75,edf,1,0.01667681490196868,0.0,0.0,0.07547169811320754,0.0,0.0,112203.8337596101,0.0,0.0
task_burst,interarrival_s,0.75,greedy,1,0.010154772468054248,0.0,0.0,0.043478260869565216,0.0,0.0,109116.09815043991,0.0,0.0
task_burst,interarrival_s,0.75,predictive,1,0.020307339258108605,0.0,0.0,0.04922067268252666,0.0,0.0,94342.22831115045,0.0,0.0
task_burst,interarrival_s,0.75,random,1,0.00965645114139205,0.0,0.0,0.020508613617719443,0.0,0.0,91399.21244102667,0.0,0.0
task_burst,interarrival_s,0.75,rule,1,0.018650781203326118,0.0,0.0,0.05578342904019688,0.0,0.0,111883.55105142573,0.0,0.0
task_burst,interarrival_s,1.0,contact_knapsack,1,0.023552888139632595,0.0,0.0,0.07119386637458927,0.0,0.0,109123.23814512286,0.0,0.0
task_burst,interarrival_s,1.0,edf,1,0.021946297651269445,0.0,0.0,0.07995618838992333,0.0,0.0,109368.32042825707,0.0,0.0
task_burst,interarrival_s,1.0,greedy,1,0.011423811730054963,0.0,0.0,0.05147864184008762,0.0,0.0,106415.47451370384,0.0,0.0
task_burst,interarrival_s,1.0,predictive,1,0.024497991023433575,0.0,0.0,0.06571741511500548,0.0,0.0,94232.18052119436,0.0,0.0
task_burst,interarrival_s,1.0,random,1,0.012428771338417867,0.0,0.0,0.03066812705366922,0.0,0.0,87271.87251242346,0.0,0.0
task_burst,interarrival_s,1.0,rule,1,0.025427498184127473,0.0,0.0,0.06571741511500548,0.0,0.0,109049.73961944644,0.0,0.0
task_burst,interarrival_s,1.25,contact_knapsack,1,0.028794333882594687,0.0,0.0,0.0958904109589041,0.0,0.0,109615.18327444763,0.0,0.0
task_burst,interarrival_s,1.25,edf,1,0.024894269299108762,0.0,0.0,0.10410958904109589,0.0,0.0,110199.91093125608,0.0,0.0
task_burst,interarrival_s,1.25,greedy,1,0.014550067059768535,0.0,0.0,0.06438356164383562,0.0,0.0,107774.6143635789,0.0,0.0
task_burst,interarrival_s,1.25,predictive,1,0.033304573349666466,0.0,0.0,0.08767123287671233,0.0,0.0,92328.90360423131,0.0,0.0
task_burst,interarrival_s,1.25,random,1,0.014517885659318908,0.0,0.0,0.038356164383561646,0.0,0.0,87473.7218222999,0.0,0.0
task_burst,interarrival_s,1.25,rule,1,0.03146769286593587,0.0,0.0,0.09041095890410959,0.0,0.0,109644.15437994868,0.0,0.0
task_burst,storage_mb,0.75,contact_knapsack,1,0.02525878271910043,0.0,0.0,0.07119386637458927,0.0,0.0,106003.4986010063,0.0,0.0
task_burst,storage_mb,0.75,edf,1,0.02307859876075811,0.0,0.0,0.07447973713033954,0.0,0.0,106162.53222945638,0.0,0.0
task_burst,storage_mb,0.75,greedy,1,0.01177776281661197,0.0,0.0,0.05147864184008762,0.0,0.0,104118.66543933081,0.0,0.0
task_burst,storage_mb,0.75,predictive,1,0.02345377518024046,0.0,0.0,0.06681270536692223,0.0,0.0,92221.83513691199,0.0,0.0
task_burst,storage_mb,0.75,random,1,0.012831779759812588,0.0,0.0,0.027382256297918947,0.0,0.0,87422.6045914037,0.0,0.0
task_burst,storage_mb,0.75,rule,1,0.02605712575033859,0.0,0.0,0.06462212486308871,0.0,0.0,105851.17576675775,0.0,0.0
task_burst,storage_mb,1.0,contact_knapsack,1,0.023552888139632595,0.0,0.0,0.07119386637458927,0.0,0.0,109123.23814512286,0.0,0.0
task_burst,storage_mb,1.0,edf,1,0.021946297651269445,0.0,0.0,0.07995618838992333,0.0,0.0,109368.32042825707,0.0,0.0
task_burst,storage_mb,1.0,greedy,1,0.011423811730054963,0.0,0.0,0.05147864184008762,0.0,0.0,106415.47451370384,0.0,0.0
task_burst,storage_mb,1.0,predictive,1,0.024497991023433575,0.0,0.0,0.06571741511500548,0.0,0.0,94232.18052119436,0.0,0.0
task_burst,storage_mb,1.0,random,1,0.012428771338417867,0.0,0.0,0.03066812705366922,0.0,0.0,87271.87251242346,0.0,0.0
task_burst,storage_mb,1.0,rule,1,0.025427498184127473,0.0,0.0,0.06571741511500548,0.0,0.0,109049.73961944644,0.0,0.0
task_burst,storage_mb,1.25,contact_knapsack,1,0.023530356922167307,0.0,0.0,0.07119386637458927,0.0,0.0,110508.19674651824,0.0,0.0
task_burst,storage_mb,1.25,edf,1,0.021979567955722867,0.0,0.0,0.07886089813800658,0.0,0.0,110655.95529563302,0.0,0.0
task_burst,storage_mb,1.25,greedy,1,0.010812994098632168,0.0,0.0,0.04819277108433735,0.0,0.0,106507.82790746928,0.0,0.0
task_burst,storage_mb,1.25,predictive,1,0.02444733856939112,0.0,0.0,0.06790799561883899,0.0,0.0,94056.93540800131,0.0,0.0
task_burst,storage_mb,1.25,random,1,0.011228928501084937,0.0,0.0,0.02628696604600219,0.0,0.0,86259.92164696443,0.0,0.0
task_burst,storage_mb,1.25,rule,1,0.025415817910578724,0.0,0.0,0.06571741511500548,0.0,0.0,110206.61056077834,0.0,0.0
